tax_id,name,common_name,tax_level,species_taxid,genus_taxid,family_taxid,category_name,is_phage,NT_r,NT_rpm,NT_zscore,NT_percentidentity,NT_alignmentlength,NT_neglogevalue,NT_percentconcordant,aggregatescore,NT_maxzscore,NR_r,NR_rpm,NR_zscore,NR_percentidentity,NR_alignmentlength,NR_neglogevalue,NR_percentconcordant,NR_maxzscore
1301,Streptococcus,"",2,-100,1301,1300,Bacteria,0,104564.0,1318.7,11.8,99.5,140.5,83.2,0.0,973051.836,11.8,105164.0,1326.3,11.8,97.9,44.3,15.3,0.0,11.8
1313,Streptococcus pneumoniae,"",1,1313,1301,1300,Bacteria,0,94801.0,1195.6,47.7,99.5,140.9,83.4,0.0,973051.836,47.7,51708.0,652.1,39.0,97.5,43.8,15.1,0.0,47.7
-100001301,Non-species-specific reads in genus Streptococcus,,1,-100001301,1301,1300,Bacteria,0,8609.0,108.6,10.3,99.6,137.6,81.4,0.0,81758.896,10.3,49015.0,618.1,9.4,98.8,45.2,15.8,0.0,10.3
1311,Streptococcus agalactiae,"",1,1311,1301,1300,Bacteria,0,11.0,0.1,-0.1,96.1,133.5,71.7,0.0,626.108,8.7,486.0,6.1,8.7,93.7,42.7,13.8,0.0,8.7
1338,Streptococcus intermedius,"",1,1338,1301,1300,Bacteria,0,22.0,0.3,-0.3,97.8,141.8,80.7,0.0,227.622,10.2,154.0,1.9,10.2,91.8,43.2,14.2,0.0,10.2
28037,Streptococcus mitis,"",1,28037,1301,1300,Bacteria,0,402.0,5.1,-0.5,95.1,134.6,70.7,0.0,156.822,1.2,1045.0,13.2,1.2,92.3,40.5,12.0,0.0,1.2
1608583,Streptococcus varani,"",1,1608583,1301,1300,Bacteria,0,0,0,-100,0.0,0.0,0.0,0.0,118.0,100.0,9.0,0.1,100.0,93.5,34.7,10.9,0.0,100.0
1336,Streptococcus equi,"",1,1336,1301,1300,Bacteria,0,1.0,0.0,-0.5,96.9,96.0,49.6,0.0,92.04,3.9,159.0,2.0,3.9,94.6,41.4,14.2,0.0,3.9
1314,Streptococcus pyogenes,"",1,1314,1301,1300,Bacteria,0,4.0,0.1,-0.6,99.5,103.5,58.1,0.0,73.632,3.5,140.0,1.8,3.5,88.7,42.4,12.7,0.0,3.5
1303,Streptococcus oralis,"",1,1303,1301,1300,Bacteria,0,79.0,1.0,-0.7,93.4,136.5,68.6,0.0,73.514,0.9,613.0,7.7,0.9,91.2,40.9,11.7,0.0,0.9
1777878,Streptococcus sp. DD10,"",1,1777878,1301,1300,Bacteria,0,0,0,-100,0.0,0.0,0.0,0.0,63.72,10.8,37.0,0.5,10.8,94.0,40.0,11.1,0.0,10.8
257758,Streptococcus pseudopneumoniae,"",1,257758,1301,1300,Bacteria,0,198.0,2.5,-0.0,96.6,137.6,75.5,0.0,62.304,1.6,264.0,3.3,1.6,92.4,40.4,11.8,0.0,1.6
1111760,Streptococcus troglodytae,"",1,1111760,1301,1300,Bacteria,0,0,0,-100,0.0,0.0,0.0,0.0,54.162,15.3,20.0,0.3,15.3,89.5,40.6,10.3,0.0,15.3
1739284,Streptococcus sp. HMSC062B01,"",1,1739284,1301,1300,Bacteria,0,0,0,-100,0.0,0.0,0.0,0.0,38.94,6.6,41.0,0.5,6.6,98.0,45.9,16.3,0.0,6.6
563036,Streptococcus sp. C300,"",1,563036,1301,1300,Bacteria,0,0,0,-100,0.0,0.0,0.0,0.0,35.99,6.1,40.0,0.5,6.1,95.5,44.3,14.3,0.0,6.1
1328,Streptococcus anginosus,"",1,1328,1301,1300,Bacteria,0,15.0,0.2,-0.4,94.8,139.6,73.4,0.0,27.73,0.9,213.0,2.7,0.9,95.3,44.1,15.2,0.0,0.9
1403937,Streptococcus sp. DORA_10,"",1,1403937,1301,1300,Bacteria,0,0,0,-100,0.0,0.0,0.0,0.0,25.016,5.3,29.0,0.4,5.3,93.3,38.1,11.7,0.0,5.3
102684,Streptococcus infantarius,"",1,102684,1301,1300,Bacteria,0,0,0,-100,0.0,0.0,0.0,0.0,15.694,1.9,59.0,0.7,1.9,87.4,42.5,11.1,0.0,1.9
1888195,Streptococcus himalayensis,"",1,1888195,1301,1300,Bacteria,0,0,0,-100,0.0,0.0,0.0,0.0,12.744000000000002,5.4,13.0,0.2,5.4,88.6,41.2,10.2,0.0,5.4
83427,uncultured Streptococcus sp.,"",1,83427,1301,1300,Bacteria,0,18.0,0.2,5.2,98.9,125.2,71.6,0.0,12.272000000000002,5.2,0,0,-100,0.0,0.0,0.0,0.0,5.2
269666,Streptococcus marimammalium,"",1,269666,1301,1300,Bacteria,0,0,0,-100,0.0,0.0,0.0,0.0,11.328,9.6,8.0,0.1,9.6,85.4,42.9,9.9,0.0,9.6
712622,Streptococcus sp. oral taxon 058,"",1,712622,1301,1300,Bacteria,0,0,0,-100,0.0,0.0,0.0,0.0,10.62,1.5,45.0,0.6,1.5,91.5,40.1,10.7,0.0,1.5
712630,Streptococcus sp. oral taxon 071,"",1,712630,1301,1300,Bacteria,0,1.0,0.0,100.0,99.0,101.0,55.7,0.0,10.266,100.0,27.0,0.3,2.9,85.6,41.9,10.4,0.0,100.0
1095727,Streptococcus sp. SK643,"",1,1095727,1301,1300,Bacteria,0,0,0,-100,0.0,0.0,0.0,0.0,9.44,1.6,39.0,0.5,1.6,91.1,42.5,12.2,0.0,1.6
1169671,Streptococcus sp. GMD2S,"",1,1169671,1301,1300,Bacteria,0,0,0,-100,0.0,0.0,0.0,0.0,8.85,7.5,11.0,0.1,7.5,95.8,36.0,9.7,0.0,7.5
68891,Streptococcus peroris,"",1,68891,1301,1300,Bacteria,0,0,0,-100,0.0,0.0,0.0,0.0,6.018,1.7,23.0,0.3,1.7,89.8,35.3,9.9,0.0,1.7
68892,Streptococcus infantis,"",1,68892,1301,1300,Bacteria,0,0,0,-100,0.0,0.0,0.0,0.0,4.720000000000001,0.4,82.0,1.0,0.4,89.1,36.7,10.6,0.0,0.4
119224,Streptococcus phocae,"",1,119224,1301,1300,Bacteria,0,0,0,-100,0.0,0.0,0.0,0.0,4.484,3.8,7.0,0.1,3.8,86.4,43.4,11.4,0.0,3.8
313439,Streptococcus massiliensis,"",1,313439,1301,1300,Bacteria,0,0,0,-100,0.0,0.0,0.0,0.0,4.248,1.8,12.0,0.2,1.8,88.4,42.0,11.5,0.0,1.8
1169673,Streptococcus sp. GMD4S,"",1,1169673,1301,1300,Bacteria,0,0,0,-100,0.0,0.0,0.0,0.0,2.242,1.9,9.0,0.1,1.9,95.4,40.4,12.1,0.0,1.9
1318,Streptococcus parasanguinis,"",1,1318,1301,1300,Bacteria,0,59.0,0.7,-0.6,98.5,140.8,81.4,0.0,2.124,0.5,92.0,1.2,0.5,87.7,38.0,11.1,0.0,0.5
563038,Streptococcus sp. M334,"",1,563038,1301,1300,Bacteria,0,0,0,-100,0.0,0.0,0.0,0.0,2.124,0.3,48.0,0.6,0.3,94.3,39.7,12.3,0.0,0.3
1715134,Streptococcus sp. HMSC066F01,"",1,1715134,1301,1300,Bacteria,0,0,0,-100,0.0,0.0,0.0,0.0,2.124,1.8,4.0,0.1,1.8,94.0,36.5,9.0,0.0,1.8
1777881,Streptococcus sp. DD13,"",1,1777881,1301,1300,Bacteria,0,0,0,-100,0.0,0.0,0.0,0.0,2.124,1.8,7.0,0.1,1.8,86.7,41.1,11.5,0.0,1.8
1777880,Streptococcus sp. DD12,"",1,1777880,1301,1300,Bacteria,0,0,0,-100,0.0,0.0,0.0,0.0,1.888,1.6,4.0,0.1,1.6,95.7,35.0,8.9,0.0,1.6
1825069,Streptococcus marmotae,"",1,1825069,1301,1300,Bacteria,0,0,0,-100,0.0,0.0,0.0,0.0,1.888,1.6,5.0,0.1,1.6,87.8,40.6,11.1,0.0,1.6
229549,Streptococcus minor,"",1,229549,1301,1300,Bacteria,0,0,0,-100,0.0,0.0,0.0,0.0,1.77,1.5,7.0,0.1,1.5,88.5,45.1,13.5,0.0,1.5
1739268,Streptococcus sp. HMSC073F11,"",1,1739268,1301,1300,Bacteria,0,0,0,-100,0.0,0.0,0.0,0.0,1.77,1.5,4.0,0.1,1.5,95.9,47.8,15.8,0.0,1.5
149015,Streptococcus hyovaginalis,"",1,149015,1301,1300,Bacteria,0,0,0,-100,0.0,0.0,0.0,0.0,1.652,1.4,4.0,0.1,1.4,80.0,41.0,8.8,0.0,1.4
1814128,Streptococcus halotolerans,"",1,1814128,1301,1300,Bacteria,0,0,0,-100,0.0,0.0,0.0,0.0,1.534,1.3,4.0,0.1,1.3,93.9,43.3,12.9,0.0,1.3
155680,Streptococcus entericus,"",1,155680,1301,1300,Bacteria,0,0,0,-100,0.0,0.0,0.0,0.0,1.416,1.2,6.0,0.1,1.2,91.1,41.5,12.3,0.0,1.2
1860161,Streptococcus sp. CCUG 49591,"",1,1860161,1301,1300,Bacteria,0,0,0,-100,0.0,0.0,0.0,0.0,1.298,1.1,10.0,0.1,1.1,90.6,44.7,13.8,0.0,1.1
1715180,Streptococcus sp. HMSC077D04,"",1,1715180,1301,1300,Bacteria,0,0,0,-100,0.0,0.0,0.0,0.0,1.18,1.0,6.0,0.1,1.0,87.9,45.3,13.1,0.0,1.0
712633,Streptococcus sp. oral taxon 431,"",1,712633,1301,1300,Bacteria,0,22.0,0.3,-0.5,97.5,134.0,74.9,0.0,1.062,1.2,12.0,0.2,1.2,93.7,39.9,11.3,0.0,1.2
1715092,Streptococcus sp. HMSC070B10,"",1,1715092,1301,1300,Bacteria,0,0,0,-100,0.0,0.0,0.0,0.0,1.062,0.9,11.0,0.1,0.9,91.9,43.7,12.5,0.0,0.9
1349,Streptococcus uberis,"",1,1349,1301,1300,Bacteria,0,2.0,0.0,-0.1,98.9,88.0,46.9,0.0,0.9440000000000001,0.8,5.0,0.1,0.8,90.3,38.6,9.7,0.0,0.8
563037,Streptococcus sp. M143,"",1,563037,1301,1300,Bacteria,0,0,0,-100,0.0,0.0,0.0,0.0,0.9440000000000001,0.8,6.0,0.1,0.8,96.8,45.7,16.2,0.0,0.8
1161416,Streptococcus sp. SR1,"",1,1161416,1301,1300,Bacteria,0,0,0,-100,0.0,0.0,0.0,0.0,0.9440000000000001,0.8,5.0,0.1,0.8,93.8,35.2,8.2,0.0,0.8
1715107,Streptococcus sp. HMSC063B03,"",1,1715107,1301,1300,Bacteria,0,0,0,-100,0.0,0.0,0.0,0.0,0.826,0.7,8.0,0.1,0.7,93.5,38.8,10.8,0.0,0.7
1715207,Streptococcus sp. HMSC061D10,"",1,1715207,1301,1300,Bacteria,0,0,0,-100,0.0,0.0,0.0,0.0,0.826,0.7,6.0,0.1,0.7,92.4,41.7,11.8,0.0,0.7
1776578,Streptococcus sp. DD04,"",1,1776578,1301,1300,Bacteria,0,0,0,-100,0.0,0.0,0.0,0.0,0.826,0.7,8.0,0.1,0.7,94.3,37.5,9.8,0.0,0.7
1777879,Streptococcus sp. DD11,"",1,1777879,1301,1300,Bacteria,0,0,0,-100,0.0,0.0,0.0,0.0,0.826,0.7,11.0,0.1,0.7,90.0,39.2,10.2,0.0,0.7
113107,Streptococcus australis,"",1,113107,1301,1300,Bacteria,0,0,0,-100,0.0,0.0,0.0,0.0,0.708,0.2,23.0,0.3,0.2,98.4,45.2,16.8,0.0,0.2
1309,Streptococcus mutans,"",1,1309,1301,1300,Bacteria,0,0,0,-100,0.0,0.0,0.0,0.0,0.59,0.1,43.0,0.5,0.1,88.7,30.5,11.4,0.0,0.1
1811193,Streptococcus pantholopis,"",1,1811193,1301,1300,Bacteria,0,0,0,-100,0.0,0.0,0.0,0.0,0.59,0.5,7.0,0.1,0.5,92.2,41.0,11.9,0.0,0.5
400065,Streptococcus merionis,"",1,400065,1301,1300,Bacteria,0,0,0,-100,0.0,0.0,0.0,0.0,0.4720000000000001,0.4,5.0,0.1,0.4,84.7,41.4,10.2,0.0,0.4
712620,Streptococcus sp. oral taxon 056,"",1,712620,1301,1300,Bacteria,0,0,0,-100,0.0,0.0,0.0,0.0,0.4720000000000001,0.4,4.0,0.1,0.4,93.9,37.5,10.2,0.0,0.4
1739309,Streptococcus sp. HMSC034E03,"",1,1739309,1301,1300,Bacteria,0,0,0,-100,0.0,0.0,0.0,0.0,0.4720000000000001,0.4,11.0,0.1,0.4,88.2,40.3,10.6,0.0,0.4
76860,Streptococcus constellatus,"",1,76860,1301,1300,Bacteria,0,2.0,0.0,-0.6,85.2,145.0,57.6,0.0,0.354,0.3,10.0,0.1,0.3,90.5,41.9,12.8,0.0,0.3
176090,Streptococcus sinensis,"",1,176090,1301,1300,Bacteria,0,0,0,-100,0.0,0.0,0.0,0.0,0.354,0.3,9.0,0.1,0.3,88.5,44.4,11.9,0.0,0.3
1307,Streptococcus suis,"",1,1307,1301,1300,Bacteria,0,26.0,0.3,-0.5,96.1,135.7,73.5,0.0,0.236,0.1,138.0,1.7,0.1,93.6,43.5,14.9,0.0,0.1
1715098,Streptococcus sp. HMSC074B11,"",1,1715098,1301,1300,Bacteria,0,0,0,-100,0.0,0.0,0.0,0.0,0.236,0.2,5.0,0.1,0.2,89.4,41.8,11.3,0.0,0.2
1739461,Streptococcus sp. HMSC062D07,"",1,1739461,1301,1300,Bacteria,0,0,0,-100,0.0,0.0,0.0,0.0,0.236,0.2,5.0,0.1,0.2,94.0,40.6,12.8,0.0,0.2
1306,Streptococcus sp.,"",1,1306,1301,1300,Bacteria,0,3.0,0.0,100.0,91.9,119.3,54.1,0.0,0.0,100.0,0,0,-100,0.0,0.0,0.0,0.0,100.0
1310,Streptococcus sobrinus,"",1,1310,1301,1300,Bacteria,0,0,0,-100,0.0,0.0,0.0,0.0,0.0,-0.0,9.0,0.1,-0.0,90.8,43.2,11.7,0.0,-0.0
1326,Streptococcus acidominimus,"",1,1326,1301,1300,Bacteria,0,0,0,-100,0.0,0.0,0.0,0.0,0.0,0.8,1.0,0.0,0.8,81.6,38.0,7.5,0.0,0.8
1329,Streptococcus canis,"",1,1329,1301,1300,Bacteria,0,0,0,-100,0.0,0.0,0.0,0.0,0.0,2.7,2.0,0.0,2.7,97.9,47.0,16.1,0.0,2.7
1333,Streptococcus criceti,"",1,1333,1301,1300,Bacteria,0,1.0,0.0,1.7,98.2,111.0,61.2,0.0,0.0,1.8,3.0,0.0,1.8,89.8,36.7,8.8,0.0,1.8
1340,Streptococcus porcinus,"",1,1340,1301,1300,Bacteria,0,2.0,0.0,100.0,98.3,141.5,81.3,0.0,0.0,100.0,0,0,-100,0.0,0.0,0.0,0.0,100.0
1343,Streptococcus vestibularis,"",1,1343,1301,1300,Bacteria,0,0,0,-100,0.0,0.0,0.0,0.0,0.0,0.0,9.0,0.1,0.0,92.3,34.1,13.6,0.0,0.0
1345,Streptococcus ferus,"",1,1345,1301,1300,Bacteria,0,0,0,-100,0.0,0.0,0.0,0.0,0.0,-0.3,2.0,0.0,-0.3,83.9,43.5,10.9,0.0,-0.3
1346,Streptococcus iniae,"",1,1346,1301,1300,Bacteria,0,2.0,0.0,0.2,99.0,147.0,86.5,0.0,0.0,0.6,2.0,0.0,0.6,92.4,32.5,8.6,0.0,0.6
1348,Streptococcus parauberis,"",1,1348,1301,1300,Bacteria,0,0,0,-100,0.0,0.0,0.0,0.0,0.0,-0.5,1.0,0.0,-0.5,88.4,43.0,11.5,0.0,-0.5
55085,Streptococcus thoraltensis,"",1,55085,1301,1300,Bacteria,0,0,0,-100,0.0,0.0,0.0,0.0,0.0,0.7,3.0,0.0,0.7,86.1,42.3,11.1,0.0,0.7
59310,Streptococcus macedonicus,"",1,59310,1301,1300,Bacteria,0,0,0,-100,0.0,0.0,0.0,0.0,0.0,-0.5,1.0,0.0,-0.5,86.4,44.0,12.6,0.0,-0.5
82806,Streptococcus ovis,"",1,82806,1301,1300,Bacteria,0,0,0,-100,0.0,0.0,0.0,0.0,0.0,0.3,2.0,0.0,0.3,94.5,35.5,9.4,0.0,0.3
102886,Streptococcus didelphis,"",1,102886,1301,1300,Bacteria,0,0,0,-100,0.0,0.0,0.0,0.0,0.0,0.1,1.0,0.0,0.1,93.3,30.0,6.9,0.0,0.1
149016,Streptococcus urinalis,"",1,149016,1301,1300,Bacteria,0,0,0,-100,0.0,0.0,0.0,0.0,0.0,-0.2,1.0,0.0,-0.2,86.1,36.0,9.8,0.0,-0.2
150055,Streptococcus lutetiensis,"",1,150055,1301,1300,Bacteria,0,0,0,-100,0.0,0.0,0.0,0.0,0.0,-0.4,2.0,0.0,-0.4,94.8,37.5,9.6,0.0,-0.4
175639,Streptococcus sp. oral clone FP064,"",1,175639,1301,1300,Bacteria,0,2.0,0.0,4.1,93.3,130.0,63.9,0.0,0.0,4.1,0,0,-100,0.0,0.0,0.0,0.0,4.1
197614,Streptococcus pasteurianus,"",1,197614,1301,1300,Bacteria,0,0,0,-100,0.0,0.0,0.0,0.0,0.0,-0.3,1.0,0.0,-0.3,88.9,45.0,14.8,0.0,-0.3
231233,Streptococcus devriesei,"",1,231233,1301,1300,Bacteria,0,0,0,-100,0.0,0.0,0.0,0.0,0.0,0.8,3.0,0.0,0.8,88.3,38.0,10.0,0.0,0.8
254786,Streptococcus castoreus,"",1,254786,1301,1300,Bacteria,0,0,0,-100,0.0,0.0,0.0,0.0,0.0,1.2,2.0,0.0,1.2,85.8,37.0,9.0,0.0,1.2
325797,Streptococcus sp. oral clone ASCE09,"",1,325797,1301,1300,Bacteria,0,1.0,0.0,100.0,98.0,102.0,55.1,0.0,0.0,100.0,0,0,-100,0.0,0.0,0.0,0.0,100.0
380397,Streptococcus ictaluri,"",1,380397,1301,1300,Bacteria,0,0,0,-100,0.0,0.0,0.0,0.0,0.0,0.7,1.0,0.0,0.7,86.0,43.0,10.4,0.0,0.7
439219,Streptococcus henryi,"",1,439219,1301,1300,Bacteria,0,0,0,-100,0.0,0.0,0.0,0.0,0.0,-0.2,3.0,0.0,-0.2,77.1,36.3,6.4,0.0,-0.2
439220,Streptococcus caballi,"",1,439220,1301,1300,Bacteria,0,0,0,-100,0.0,0.0,0.0,0.0,0.0,-0.2,2.0,0.0,-0.2,89.4,44.5,14.5,0.0,-0.2
469609,Streptococcus sp. 2_1_36FAA,"",1,469609,1301,1300,Bacteria,0,0,0,-100,0.0,0.0,0.0,0.0,0.0,0.0,2.0,0.0,0.0,85.9,46.0,13.1,0.0,0.0
502567,Streptococcus porci,"",1,502567,1301,1300,Bacteria,0,0,0,-100,0.0,0.0,0.0,0.0,0.0,0.3,3.0,0.0,0.3,88.8,39.7,10.2,0.0,0.3
712661,Streptococcus sp. oral taxon E23,"",1,712661,1301,1300,Bacteria,0,1.0,0.0,100.0,98.2,109.0,59.8,0.0,0.0,100.0,0,0,-100,0.0,0.0,0.0,0.0,100.0
936577,Streptococcus sp. AS14,"",1,936577,1301,1300,Bacteria,0,0,0,-100,0.0,0.0,0.0,0.0,0.0,-0.5,1.0,0.0,-0.5,94.0,50.0,16.5,0.0,-0.5
936578,Streptococcus sp. AS20,"",1,936578,1301,1300,Bacteria,0,0,0,-100,0.0,0.0,0.0,0.0,0.0,0.2,1.0,0.0,0.2,100.0,49.0,19.3,0.0,0.2
936580,Streptococcus sp. CM6,"",1,936580,1301,1300,Bacteria,0,0,0,-100,0.0,0.0,0.0,0.0,0.0,1.0,3.0,0.0,1.0,90.5,45.0,12.5,0.0,1.0
999424,Streptococcus sp. F0441,"",1,999424,1301,1300,Bacteria,0,0,0,-100,0.0,0.0,0.0,0.0,0.0,-0.2,1.0,0.0,-0.2,97.9,47.0,15.1,0.0,-0.2
1095726,Streptococcus sp. SK140,"",1,1095726,1301,1300,Bacteria,0,0,0,-100,0.0,0.0,0.0,0.0,0.0,0.0,2.0,0.0,0.0,83.9,46.0,12.4,0.0,0.0
1169672,Streptococcus sp. GMD3S,"",1,1169672,1301,1300,Bacteria,0,0,0,-100,0.0,0.0,0.0,0.0,0.0,100.0,1.0,0.0,100.0,82.4,34.0,6.3,0.0,100.0
1203590,Streptococcus sp. HPH0090,"",1,1203590,1301,1300,Bacteria,0,0,0,-100,0.0,0.0,0.0,0.0,0.0,-0.3,2.0,0.0,-0.3,94.7,37.0,9.8,0.0,-0.3
1316408,Streptococcus sp. HSISM1,"",1,1316408,1301,1300,Bacteria,0,0,0,-100,0.0,0.0,0.0,0.0,0.0,0.1,3.0,0.0,0.1,84.3,39.3,9.0,0.0,0.1
1432788,Streptococcus cuniculi,"",1,1432788,1301,1300,Bacteria,0,0,0,-100,0.0,0.0,0.0,0.0,0.0,0.0,1.0,0.0,0.0,85.3,34.0,6.4,0.0,0.0
1433521,Streptococcus sp. ChDC B519,"",1,1433521,1301,1300,Bacteria,0,0,0,-100,0.0,0.0,0.0,0.0,0.0,2.7,1.0,0.0,2.7,86.5,37.0,7.4,0.0,2.7
1579341,Streptococcus sp. 400_SSPC,"",1,1579341,1301,1300,Bacteria,0,0,0,-100,0.0,0.0,0.0,0.0,0.0,-0.3,2.0,0.0,-0.3,90.6,40.5,11.4,0.0,-0.3
1579342,Streptococcus sp. 343_SSPC,"",1,1579342,1301,1300,Bacteria,0,0,0,-100,0.0,0.0,0.0,0.0,0.0,-0.5,1.0,0.0,-0.5,97.6,41.0,12.8,0.0,-0.5
1579348,Streptococcus sp. 1171_SSPC,"",1,1579348,1301,1300,Bacteria,0,0,0,-100,0.0,0.0,0.0,0.0,0.0,-0.4,1.0,0.0,-0.4,97.6,42.0,13.5,0.0,-0.4
1579424,Streptococcus azizii,"",1,1579424,1301,1300,Bacteria,0,0,0,-100,0.0,0.0,0.0,0.0,0.0,0.0,1.0,0.0,0.0,88.9,36.0,6.3,0.0,0.0
1608856,Streptococcus sp. HMSC34B10,"",1,1608856,1301,1300,Bacteria,0,0,0,-100,0.0,0.0,0.0,0.0,0.0,-0.2,2.0,0.0,-0.2,89.5,47.5,15.5,0.0,-0.2
1676616,Streptococcus sp. X13SY08,"",1,1676616,1301,1300,Bacteria,0,0,0,-100,0.0,0.0,0.0,0.0,0.0,0.1,1.0,0.0,0.1,79.2,48.0,11.4,0.0,0.1
1715086,Streptococcus sp. HMSC078H03,"",1,1715086,1301,1300,Bacteria,0,0,0,-100,0.0,0.0,0.0,0.0,0.0,0.5,1.0,0.0,0.5,90.7,43.0,12.5,0.0,0.5
1715122,Streptococcus sp. HMSC034B04,"",1,1715122,1301,1300,Bacteria,0,0,0,-100,0.0,0.0,0.0,0.0,0.0,0.8,1.0,0.0,0.8,94.7,38.0,8.6,0.0,0.8
1715183,Streptococcus sp. HMSC076C09,"",1,1715183,1301,1300,Bacteria,0,0,0,-100,0.0,0.0,0.0,0.0,0.0,0.0,1.0,0.0,0.0,90.9,33.0,6.3,0.0,0.0
1739299,Streptococcus sp. HMSC056C01,"",1,1739299,1301,1300,Bacteria,0,0,0,-100,0.0,0.0,0.0,0.0,0.0,-0.0,3.0,0.0,-0.0,95.0,39.0,10.7,0.0,-0.0
1739341,Streptococcus sp. HMSC071D03,"",1,1739341,1301,1300,Bacteria,0,0,0,-100,0.0,0.0,0.0,0.0,0.0,0.1,1.0,0.0,0.1,95.5,44.0,14.2,0.0,0.1
1739357,Streptococcus sp. HMSC077F03,"",1,1739357,1301,1300,Bacteria,0,0,0,-100,0.0,0.0,0.0,0.0,0.0,0.8,2.0,0.0,0.8,81.3,40.0,8.0,0.0,0.8
1739389,Streptococcus sp. HMSC062H02,"",1,1739389,1301,1300,Bacteria,0,0,0,-100,0.0,0.0,0.0,0.0,0.0,0.2,1.0,0.0,0.2,100.0,35.0,10.8,0.0,0.2
1739421,Streptococcus sp. HMSC061E03,"",1,1739421,1301,1300,Bacteria,0,0,0,-100,0.0,0.0,0.0,0.0,0.0,0.1,1.0,0.0,0.1,95.3,43.0,13.9,0.0,0.1
1739430,Streptococcus sp. HMSC078D09,"",1,1739430,1301,1300,Bacteria,0,0,0,-100,0.0,0.0,0.0,0.0,0.0,0.1,1.0,0.0,0.1,88.9,36.0,8.4,0.0,0.1
1739483,Streptococcus sp. HMSC078H12,"",1,1739483,1301,1300,Bacteria,0,0,0,-100,0.0,0.0,0.0,0.0,0.0,-0.0,1.0,0.0,-0.0,95.9,49.0,18.5,0.0,-0.0
1852387,Streptococcus timonensis,"",1,1852387,1301,1300,Bacteria,0,0,0,-100,0.0,0.0,0.0,0.0,0.0,-0.0,27.0,0.3,-0.0,93.9,41.0,12.5,0.0,-0.0
1855327,Streptococcus sp. NLAE-zl-C503,"",1,1855327,1301,1300,Bacteria,0,0,0,-100,0.0,0.0,0.0,0.0,0.0,0.1,2.0,0.0,0.1,84.8,41.0,9.9,0.0,0.1
1856638,Streptococcus bovimastitidis,"",1,1856638,1301,1300,Bacteria,0,0,0,-100,0.0,0.0,0.0,0.0,0.0,0.2,2.0,0.0,0.2,86.5,44.0,11.9,0.0,0.2
1915004,Streptococcus sp. 'caviae',"",1,1915004,1301,1300,Bacteria,0,0,0,-100,0.0,0.0,0.0,0.0,0.0,0.4,1.0,0.0,0.4,80.0,35.0,7.4,0.0,0.4
1334,Streptococcus dysgalactiae,"",1,1334,1301,1300,Bacteria,0,1.0,0.0,-0.3,100.0,106.0,60.5,0.0,-0.236,-0.1,15.0,0.2,-0.1,90.7,36.5,9.8,0.0,-0.1
1739491,Streptococcus sp. HMSC067H01,"",1,1739491,1301,1300,Bacteria,0,0,0,-100,0.0,0.0,0.0,0.0,-0.236,-0.2,5.0,0.1,-0.2,94.1,41.2,11.5,0.0,-0.2
999425,Streptococcus sp. F0442,"",1,999425,1301,1300,Bacteria,0,0,0,-100,0.0,0.0,0.0,0.0,-0.354,-0.3,5.0,0.1,-0.3,96.5,45.4,13.5,0.0,-0.3
1156433,Streptococcus sp. I-P16,"",1,1156433,1301,1300,Bacteria,0,4.0,0.1,-0.4,88.6,148.5,66.6,0.0,-0.4720000000000001,-0.4,1.0,0.0,-0.4,94.3,35.0,8.9,0.0,-0.4
315405,Streptococcus gallolyticus,"",1,315405,1301,1300,Bacteria,0,0,0,-100,0.0,0.0,0.0,0.0,-0.708,-0.6,5.0,0.1,-0.6,77.0,39.6,7.3,0.0,-0.6
1156431,Streptococcus sp. I-G2,"",1,1156431,1301,1300,Bacteria,0,19.0,0.2,-0.4,97.6,135.8,76.2,0.0,-1.4160000000000001,-0.2,13.0,0.2,-0.2,86.8,43.5,11.5,0.0,-0.2
1335,Streptococcus equinus,"",1,1335,1301,1300,Bacteria,0,5.0,0.1,-0.8,97.7,125.6,69.5,0.0,-1.8880000000000003,-0.4,12.0,0.2,-0.4,87.9,40.2,10.4,0.0,-0.4
1419814,Streptococcus sp. VT 162,"",1,1419814,1301,1300,Bacteria,0,26.0,0.3,-0.6,93.2,134.4,66.7,0.0,-2.124,-0.2,1.0,0.0,-0.2,97.7,43.0,14.9,0.0,-0.2
45634,Streptococcus cristatus,"",1,45634,1301,1300,Bacteria,0,4.0,0.1,-0.8,87.9,124.8,51.4,0.0,-2.3600000000000003,-0.3,35.0,0.4,-0.3,89.8,42.7,11.7,0.0,-0.3
1302,Streptococcus gordonii,"",1,1302,1301,1300,Bacteria,0,20.0,0.3,-0.4,93.0,141.1,70.6,0.0,-2.478,-0.3,27.0,0.3,-0.3,90.1,39.4,10.4,0.0,-0.3
1308,Streptococcus thermophilus,"",1,1308,1301,1300,Bacteria,0,6.0,0.1,-0.9,95.2,140.5,74.7,0.0,-2.95,-0.8,14.0,0.2,-0.8,87.3,39.7,9.4,0.0,-0.8
712624,Streptococcus sp. oral taxon 064,"",1,712624,1301,1300,Bacteria,0,54.0,0.7,-0.6,95.1,137.9,73.0,0.0,-3.186,1.5,4.0,0.1,1.5,86.8,38.5,10.4,0.0,1.5
1759399,Streptococcus sp. A12,"",1,1759399,1301,1300,Bacteria,0,55.0,0.7,-0.4,97.6,140.8,79.6,0.0,-3.3040000000000007,-0.4,1.0,0.0,-0.4,91.8,49.0,15.0,0.0,-0.4
1902136,Streptococcus sp. NPS 308,"",1,1902136,1301,1300,Bacteria,0,46.0,0.6,-0.6,94.5,136.7,70.8,0.0,-4.248,0.8,3.0,0.0,0.8,93.6,44.3,13.0,0.0,0.8
1304,Streptococcus salivarius,"",1,1304,1301,1300,Bacteria,0,30.0,0.4,-0.7,94.8,141.3,74.5,0.0,-4.956,-0.7,19.0,0.2,-0.7,87.5,40.4,10.0,0.0,-0.7
1305,Streptococcus sanguinis,"",1,1305,1301,1300,Bacteria,0,10.0,0.1,-0.8,98.4,147.5,85.6,0.0,-5.074,-0.7,38.0,0.5,-0.7,91.2,42.0,12.0,0.0,-0.7
-200001300,Non-genus-specific reads in family Streptococcaceae,,2,-100,-200001300,1300,Bacteria,0,26.0,0.3,6.9,99.9,137.0,81.5,0.0,148.76299999999998,8.2,158.0,2.0,8.2,98.3,43.4,14.6,0.0,8.2
-100001300,Non-species-specific reads in family Streptococcaceae,,1,-100001300,-200001300,1300,Bacteria,0,26.0,0.3,6.9,99.9,137.0,81.5,0.0,148.76299999999998,8.2,158.0,2.0,8.2,98.3,43.4,14.6,0.0,8.2
36086,Trichuris,"",2,-100,36086,119093,Eukaryota,0,0,0,-100,0.0,0.0,0.0,0.0,17.55,3.9,77.0,1.0,3.9,96.4,43.4,15.5,0.0,3.9
36087,Trichuris trichiura,human whipworm,1,36087,36086,119093,Eukaryota,0,0,0,-100,0.0,0.0,0.0,0.0,17.55,4.5,77.0,1.0,4.5,96.4,43.4,15.5,0.0,4.5
-200,All taxa with neither family nor genus classification,,2,-100,-200,-300,Uncategorized,0,184.0,2.3,-1.1,99.3,133.5,77.9,0.0,11.0,-1.0,11.0,0.1,-1.0,83.6,40.6,10.7,0.0,-1.0
96152,unidentified oral bacterium AP60-13,"",1,96152,-200,-300,Bacteria,0,4.0,0.1,100.0,100.0,131.0,77.6,0.0,11.0,100.0,0,0,-100,0.0,0.0,0.0,0.0,100.0
224209,uncultured Bacilli bacterium,"",1,224209,-200,-300,Bacteria,0,2.0,0.0,2.5,100.0,143.5,86.1,0.0,0.0,2.5,0,0,-100,0.0,0.0,0.0,0.0,2.5
344338,uncultured Firmicutes bacterium,"",1,344338,-200,-300,Bacteria,0,2.0,0.0,-0.0,100.0,150.0,90.6,0.0,0.0,-0.0,0,0,-100,0.0,0.0,0.0,0.0,-0.0
414475,bacterium 66B4,"",1,414475,-200,-300,Bacteria,0,1.0,0.0,100.0,97.3,110.0,59.1,0.0,0.0,100.0,0,0,-100,0.0,0.0,0.0,0.0,100.0
1130997,uncultured bacterium W5-15b,"",1,1130997,-200,-300,Bacteria,0,1.0,0.0,1.8,93.0,115.0,55.7,0.0,0.0,1.8,0,0,-100,0.0,0.0,0.0,0.0,1.8
1635288,Thermoanaerobacterales bacterium 50_218,"",1,1635288,-200,-300,Bacteria,0,0,0,-100,0.0,0.0,0.0,0.0,0.0,-0.6,1.0,0.0,-0.6,91.7,36.0,8.6,0.0,-0.6
1797558,Burkholderiales bacterium RIFCSPHIGHO2_12_FULL_63_20,"",1,1797558,-200,-300,Bacteria,0,0,0,-100,0.0,0.0,0.0,0.0,0.0,-1.4,2.0,0.0,-1.4,91.9,49.0,16.8,0.0,-1.4
1805315,Parcubacteria group bacterium CG2_30_36_21,"",1,1805315,-200,-300,Bacteria,0,0,0,-100,0.0,0.0,0.0,0.0,0.0,1.2,1.0,0.0,1.2,81.8,33.0,6.2,0.0,1.2
1817864,Candidatus Fraserbacteria bacterium RBG_16_55_9,"",1,1817864,-200,-300,Bacteria,0,0,0,-100,0.0,0.0,0.0,0.0,0.0,-0.5,1.0,0.0,-0.5,82.4,34.0,6.3,0.0,-0.5
1849171,Sphingomonadales bacterium EhC05,"",1,1849171,-200,-300,Bacteria,0,0,0,-100,0.0,0.0,0.0,0.0,0.0,-0.7,1.0,0.0,-0.7,60.4,48.0,7.6,0.0,-0.7
1852391,Clostridiales bacterium Marseille-P2986,"",1,1852391,-200,-300,Bacteria,0,0,0,-100,0.0,0.0,0.0,0.0,0.0,-0.2,1.0,0.0,-0.2,63.3,49.0,6.3,0.0,-0.2
1916162,Streptococcus phage IPP22,"",1,1916162,-200,-300,Viruses,0,0,0,-100,0.0,0.0,0.0,0.0,0.0,100.0,1.0,0.0,100.0,100.0,41.0,18.0,0.0,100.0
1970782,Candidatus Omnitrophica bacterium 4484_70.1,"",1,1970782,-200,-300,Bacteria,0,0,0,-100,0.0,0.0,0.0,0.0,0.0,0.1,1.0,0.0,0.1,74.4,43.0,8.1,0.0,0.1
155900,uncultured organism,"",1,155900,-200,-300,Uncategorized,0,4.0,0.1,-1.0,100.0,126.8,74.7,0.0,-0.11,-1.0,0,0,-100,0.0,0.0,0.0,0.0,-1.0
77133,uncultured bacterium,"",1,77133,-200,-300,Bacteria,0,170.0,2.1,-0.9,99.2,133.6,78.0,0.0,-2.079,-0.8,2.0,0.0,-0.8,90.8,32.5,11.6,0.0,-0.8
1763,Mycobacterium,"",2,-100,1763,1762,Bacteria,0,8.0,0.1,-0.9,86.7,133.6,54.7,0.0,4.995,-0.9,917.0,11.6,-0.9,97.5,42.7,15.5,0.0,-0.9
1773,Mycobacterium tuberculosis,"",1,1773,1763,1762,Bacteria,0,0,0,-100,0.0,0.0,0.0,0.0,4.995,0.5,877.0,11.1,0.5,97.7,42.7,15.6,0.0,0.5
1764,Mycobacterium avium,"",1,1764,1763,1762,Bacteria,0,1.0,0.0,-0.9,88.0,150.0,65.9,0.0,0.0,-0.9,0,0,-100,0.0,0.0,0.0,0.0,-0.9
1772,Mycobacterium smegmatis,"",1,1772,1763,1762,Bacteria,0,1.0,0.0,-0.9,89.3,140.0,63.2,0.0,0.0,-0.9,0,0,-100,0.0,0.0,0.0,0.0,-0.9
36814,Mycobacterium rhodesiae,"",1,36814,1763,1762,Bacteria,0,0,0,-100,0.0,0.0,0.0,0.0,0.0,-0.9,1.0,0.0,-0.9,94.6,37.0,10.5,0.0,-0.9
164757,Mycobacterium sp. JLS,"",1,164757,1763,1762,Bacteria,0,1.0,0.0,-0.9,81.5,119.0,39.2,0.0,0.0,-0.9,0,0,-100,0.0,0.0,0.0,0.0,-0.9
212767,Mycobacterium sp. JS623,"",1,212767,1763,1762,Bacteria,0,2.0,0.0,-0.9,82.8,139.0,50.1,0.0,0.0,-0.9,0,0,-100,0.0,0.0,0.0,0.0,-0.9
280871,Mycobacterium llatzerense,"",1,280871,1763,1762,Bacteria,0,0,0,-100,0.0,0.0,0.0,0.0,0.0,-0.9,2.0,0.0,-0.9,98.0,49.0,17.9,0.0,-0.9
482462,Mycobacterium dioxanotrophicus,"",1,482462,1763,1762,Bacteria,0,1.0,0.0,-0.9,94.4,107.0,53.0,0.0,0.0,-0.9,0,0,-100,0.0,0.0,0.0,0.0,-0.9
1335321,Mycobacterium sp. MAC_011194_8550,"",1,1335321,1763,1762,Bacteria,0,0,0,-100,0.0,0.0,0.0,0.0,0.0,-0.5,1.0,0.0,-0.5,91.2,34.0,8.2,0.0,-0.5
1449048,Mycobacterium sp. UNC280MFTsu5.1,"",1,1449048,1763,1762,Bacteria,0,0,0,-100,0.0,0.0,0.0,0.0,0.0,-0.9,1.0,0.0,-0.9,93.8,32.0,8.9,0.0,-0.9
1834082,Mycobacterium sp. 1554424.7,"",1,1834082,1763,1762,Bacteria,0,0,0,-100,0.0,0.0,0.0,0.0,0.0,-0.5,2.0,0.0,-0.5,89.8,46.5,12.0,0.0,-0.5
1879023,Mycobacterium sp. djl-10,"",1,1879023,1763,1762,Bacteria,0,1.0,0.0,-0.9,87.2,149.0,63.8,0.0,0.0,-0.9,0,0,-100,0.0,0.0,0.0,0.0,-0.9
-100001763,Non-species-specific reads in genus Mycobacterium,,1,-100001763,1763,1762,Bacteria,0,1.0,0.0,-0.9,87.3,126.0,52.2,0.0,-0.08100000000000002,-0.9,6.0,0.1,-0.9,100.0,41.0,14.1,0.0,-0.9
1774,Mycobacterium chelonae,"",1,1774,1763,1762,Bacteria,0,0,0,-100,0.0,0.0,0.0,0.0,-0.08100000000000002,-0.9,4.0,0.1,-0.9,98.2,43.8,14.2,0.0,-0.9
56689,Mycobacterium mucogenicum,"",1,56689,1763,1762,Bacteria,0,0,0,-100,0.0,0.0,0.0,0.0,-0.08100000000000002,-0.9,10.0,0.1,-0.9,99.4,49.1,17.9,0.0,-0.9
36809,Mycobacterium abscessus,"",1,36809,1763,1762,Bacteria,0,0,0,-100,0.0,0.0,0.0,0.0,-0.18,-1.0,13.0,0.2,-1.0,88.0,41.2,10.8,0.0,-1.0
6281,Onchocerca,"",2,-100,6281,6296,Eukaryota,0,127.0,1.6,1.3,99.0,113.9,64.1,0.0,2.704,1.3,0,0,-100,0.0,0.0,0.0,0.0,1.3
387005,Onchocerca flexuosa,"",1,387005,6281,6296,Eukaryota,0,127.0,1.6,1.3,99.0,113.9,64.1,0.0,2.704,1.3,0,0,-100,0.0,0.0,0.0,0.0,1.3
1350,Enterococcus,"",2,-100,1350,81852,Bacteria,0,2.0,0.0,-0.8,99.2,121.5,69.7,0.0,0.396,-0.6,83.0,1.0,-0.6,87.8,34.3,9.5,0.0,-0.6
332949,Enterococcus silesiacus,"",1,332949,1350,81852,Bacteria,0,0,0,-100,0.0,0.0,0.0,0.0,0.396,6.6,10.0,0.1,6.6,83.8,25.0,10.1,0.0,6.6
53345,Enterococcus durans,"",1,53345,1350,81852,Bacteria,0,0,0,-100,0.0,0.0,0.0,0.0,0.09,0.5,22.0,0.3,0.5,90.2,38.7,9.3,0.0,0.5
332950,Enterococcus termitis,"",1,332950,1350,81852,Bacteria,0,0,0,-100,0.0,0.0,0.0,0.0,0.048,0.8,4.0,0.1,0.8,79.2,29.0,11.4,0.0,0.8
37734,Enterococcus casseliflavus,"",1,37734,1350,81852,Bacteria,0,1.0,0.0,-0.8,99.1,112.0,63.3,0.0,0.0,-0.7,1.0,0.0,-0.7,79.5,39.0,6.7,0.0,-0.7
44008,Enterococcus cecorum,"",1,44008,1350,81852,Bacteria,0,0,0,-100,0.0,0.0,0.0,0.0,0.0,-1.0,1.0,0.0,-1.0,89.4,47.0,13.0,0.0,-1.0
112904,Enterococcus villorum,"",1,112904,1350,81852,Bacteria,0,0,0,-100,0.0,0.0,0.0,0.0,0.0,0.2,1.0,0.0,0.2,74.5,47.0,10.1,0.0,0.2
246144,Enterococcus italicus,"",1,246144,1350,81852,Bacteria,0,0,0,-100,0.0,0.0,0.0,0.0,0.0,-0.2,1.0,0.0,-0.2,97.2,36.0,9.2,0.0,-0.2
762845,Enterococcus rivorum,"",1,762845,1350,81852,Bacteria,0,0,0,-100,0.0,0.0,0.0,0.0,0.0,-0.4,1.0,0.0,-0.4,86.8,38.0,9.2,0.0,-0.4
1690244,Enterococcus sp. RIT-PI-f,"",1,1690244,1350,81852,Bacteria,0,0,0,-100,0.0,0.0,0.0,0.0,0.0,-0.5,1.0,0.0,-0.5,83.7,43.0,10.5,0.0,-0.5
1834193,Enterococcus sp. 9E7_DIV0242,"",1,1834193,1350,81852,Bacteria,0,0,0,-100,0.0,0.0,0.0,0.0,0.0,-0.3,1.0,0.0,-0.3,85.3,34.0,8.1,0.0,-0.3
-100001350,Non-species-specific reads in genus Enterococcus,,1,-100001350,1350,81852,Bacteria,0,0,0,-100,0.0,0.0,0.0,0.0,-0.042,-0.7,6.0,0.1,-0.7,89.0,40.3,10.8,0.0,-0.7
1352,Enterococcus faecium,"",1,1352,1350,81852,Bacteria,0,0,0,-100,0.0,0.0,0.0,0.0,-0.09,-0.5,21.0,0.3,-0.5,85.1,31.0,8.4,0.0,-0.5
1351,Enterococcus faecalis,"",1,1351,1350,81852,Bacteria,0,1.0,0.0,-0.6,99.2,131.0,76.2,0.0,-0.096,-0.6,13.0,0.2,-0.8,94.7,34.6,9.7,0.0,-0.6
2129,Ureaplasma,"",2,-100,2129,2092,Bacteria,0,0,0,-100,0.0,0.0,0.0,0.0,0.216,1.2,8.0,0.1,1.2,96.0,41.5,16.0,0.0,1.2
2130,Ureaplasma urealyticum,"",1,2130,2129,2092,Bacteria,0,0,0,-100,0.0,0.0,0.0,0.0,0.216,1.8,8.0,0.1,1.8,96.0,41.5,16.0,0.0,1.8
1578,Lactobacillus,"",2,-100,1578,33958,Bacteria,0,5.0,0.1,-1.2,98.1,133.2,75.5,0.0,0.156,-1.2,66.0,0.8,-1.3,89.2,36.0,9.8,0.0,-1.2
240427,Lactobacillus paracollinoides,"",1,240427,1578,33958,Bacteria,0,0,0,-100,0.0,0.0,0.0,0.0,0.156,1.2,5.0,0.1,1.2,92.0,49.8,17.6,0.0,1.2
1596,Lactobacillus gasseri,"",1,1596,1578,33958,Bacteria,0,1.0,0.0,-0.7,100.0,102.0,57.8,0.0,0.0,-0.7,0,0,-100,0.0,0.0,0.0,0.0,-0.7
1599,Lactobacillus sakei,"",1,1599,1578,33958,Bacteria,0,0,0,-100,0.0,0.0,0.0,0.0,0.0,-0.0,31.0,0.4,-0.0,91.3,29.5,8.0,0.0,-0.0
1603,Lactobacillus amylophilus,"",1,1603,1578,33958,Bacteria,0,3.0,0.0,-0.4,98.0,146.7,84.2,0.0,0.0,-0.4,0,0,-100,0.0,0.0,0.0,0.0,-0.4
1605,Lactobacillus animalis,"",1,1605,1578,33958,Bacteria,0,0,0,-100,0.0,0.0,0.0,0.0,0.0,-0.3,1.0,0.0,-0.3,88.2,34.0,6.1,0.0,-0.3
1623,Lactobacillus ruminis,"",1,1623,1578,33958,Bacteria,0,0,0,-100,0.0,0.0,0.0,0.0,0.0,-0.4,1.0,0.0,-0.4,62.2,45.0,6.1,0.0,-0.4
1624,Lactobacillus salivarius,"",1,1624,1578,33958,Bacteria,0,1.0,0.0,-0.8,96.8,124.0,67.3,0.0,0.0,-0.6,1.0,0.0,-0.6,91.5,47.0,13.7,0.0,-0.6
47715,Lactobacillus rhamnosus,"",1,47715,1578,33958,Bacteria,0,0,0,-100,0.0,0.0,0.0,0.0,0.0,-0.5,1.0,0.0,-0.5,77.1,48.0,11.2,0.0,-0.5
47770,Lactobacillus crispatus,"",1,47770,1578,33958,Bacteria,0,0,0,-100,0.0,0.0,0.0,0.0,0.0,-1.2,3.0,0.0,-1.2,93.4,42.7,14.0,0.0,-1.2
51664,Lactobacillus dextrinicus,"",1,51664,1578,33958,Bacteria,0,0,0,-100,0.0,0.0,0.0,0.0,0.0,-0.3,1.0,0.0,-0.3,84.6,39.0,10.3,0.0,-0.3
81857,Lactobacillus selangorensis,"",1,81857,1578,33958,Bacteria,0,0,0,-100,0.0,0.0,0.0,0.0,0.0,-0.1,1.0,0.0,-0.1,85.7,35.0,6.7,0.0,-0.1
83526,Lactobacillus paralimentarius,"",1,83526,1578,33958,Bacteria,0,0,0,-100,0.0,0.0,0.0,0.0,0.0,-0.3,1.0,0.0,-0.3,77.6,49.0,10.8,0.0,-0.3
194326,Lactobacillus versmoldensis,"",1,194326,1578,33958,Bacteria,0,0,0,-100,0.0,0.0,0.0,0.0,0.0,-0.1,1.0,0.0,-0.1,94.7,38.0,10.3,0.0,-0.1
480931,Lactobacillus capillatus,"",1,480931,1578,33958,Bacteria,0,0,0,-100,0.0,0.0,0.0,0.0,0.0,0.3,1.0,0.0,0.3,89.2,37.0,10.4,0.0,0.3
679249,Lactobacillus floricola,"",1,679249,1578,33958,Bacteria,0,0,0,-100,0.0,0.0,0.0,0.0,0.0,-0.1,1.0,0.0,-0.1,78.7,47.0,12.1,0.0,-0.1
866801,Lactobacillus ozensis,"",1,866801,1578,33958,Bacteria,0,0,0,-100,0.0,0.0,0.0,0.0,0.0,2.1,1.0,0.0,2.1,97.9,48.0,18.8,0.0,2.1
1597,Lactobacillus paracasei,"",1,1597,1578,33958,Bacteria,0,0,0,-100,0.0,0.0,0.0,0.0,-0.039,-0.3,4.0,0.1,-0.3,82.9,37.0,6.9,0.0,-0.3
-100001578,Non-species-specific reads in genus Lactobacillus,,1,-100001578,1578,33958,Bacteria,0,0,0,-100,0.0,0.0,0.0,0.0,-0.26,-1.0,12.0,0.2,-1.0,88.5,39.2,10.7,0.0,-1.0
5820,Plasmodium,"",2,-100,5820,1639119,Eukaryota,0,0,0,-100,0.0,0.0,0.0,0.0,0.126,-0.3,51.0,0.6,-0.3,91.3,31.3,6.9,0.0,-0.3
36330,Plasmodium ovale,malaria parasite P. ovale,1,36330,5820,1639119,Eukaryota,0,0,0,-100,0.0,0.0,0.0,0.0,0.126,0.7,51.0,0.6,0.7,91.3,31.3,6.9,0.0,0.7
207244,Anaerostipes,"",2,-100,207244,186803,Bacteria,0,0,0,-100,0.0,0.0,0.0,0.0,0.035,-0.5,4.0,0.1,-0.5,68.4,48.3,6.6,0.0,-0.5
105841,Anaerostipes caccae,"",1,105841,207244,186803,Bacteria,0,0,0,-100,0.0,0.0,0.0,0.0,0.035,0.7,4.0,0.1,0.7,68.4,48.3,6.6,0.0,0.7
1243,Leuconostoc,"",2,-100,1243,81850,Bacteria,0,1.0,0.0,-0.9,97.7,133.0,74.9,0.0,0.03,-0.9,10.0,0.1,-1.0,87.5,36.2,8.8,0.0,-0.9
1403934,Leuconostoc sp. DORA_2,"",1,1403934,1243,81850,Bacteria,0,0,0,-100,0.0,0.0,0.0,0.0,0.03,0.3,9.0,0.1,0.3,86.1,36.7,8.8,0.0,0.3
1244,Leuconostoc gelidum,"",1,1244,1243,81850,Bacteria,0,0,0,-100,0.0,0.0,0.0,0.0,0.0,-0.5,1.0,0.0,-0.5,100.0,32.0,8.9,0.0,-0.5
1246,Leuconostoc lactis,"",1,1246,1243,81850,Bacteria,0,1.0,0.0,-0.4,97.7,133.0,74.9,0.0,0.0,-0.4,0,0,-100,0.0,0.0,0.0,0.0,-0.4
1485,Clostridium,"",2,-100,1485,31979,Bacteria,0,2.0,0.0,-0.8,95.8,118.5,62.2,0.0,0.027,-0.8,48.0,0.6,-0.9,83.6,39.2,12.8,0.0,-0.8
1509,Clostridium sporogenes,"",1,1509,1485,31979,Bacteria,0,0,0,-100,0.0,0.0,0.0,0.0,0.027,0.3,11.0,0.1,0.3,77.3,40.7,8.7,0.0,0.3
-100001485,Non-species-specific reads in genus Clostridium,,1,-100001485,1485,31979,Bacteria,0,0,0,-100,0.0,0.0,0.0,0.0,0.0,-0.7,3.0,0.0,-0.7,77.1,47.3,13.1,0.0,-0.7
1513,Clostridium tetani,"",1,1513,1485,31979,Bacteria,0,2.0,0.0,-0.3,95.8,118.5,62.2,0.0,0.0,-0.3,0,0,-100,0.0,0.0,0.0,0.0,-0.3
411489,Clostridium sp. L2-50,"",1,411489,1485,31979,Bacteria,0,0,0,-100,0.0,0.0,0.0,0.0,0.0,-0.0,12.0,0.2,-0.0,88.1,24.2,12.5,0.0,-0.0
1491,Clostridium botulinum,"",1,1491,1485,31979,Bacteria,0,0,0,-100,0.0,0.0,0.0,0.0,-0.081,-0.3,22.0,0.3,-0.3,85.1,45.5,15.0,0.0,-0.3
1279,Staphylococcus,"",2,-100,1279,90964,Bacteria,0,2.0,0.0,-0.7,100.0,125.0,73.5,0.0,0.014,-0.7,77.0,1.0,-0.7,85.3,43.4,12.2,0.0,-0.7
283734,Staphylococcus pseudintermedius,"",1,283734,1279,90964,Bacteria,0,0,0,-100,0.0,0.0,0.0,0.0,0.014,0.2,5.0,0.1,0.2,99.6,48.2,18.0,0.0,0.2
-100001279,Non-species-specific reads in genus Staphylococcus,,1,-100001279,1279,90964,Bacteria,0,0,0,-100,0.0,0.0,0.0,0.0,0.0,-0.8,2.0,0.0,-0.8,68.2,45.5,6.6,0.0,-0.8
1282,Staphylococcus epidermidis,"",1,1282,1279,90964,Bacteria,0,0,0,-100,0.0,0.0,0.0,0.0,-0.05599999999999999,-0.8,5.0,0.1,-0.8,83.7,49.2,13.7,0.0,-0.8
1280,Staphylococcus aureus,"",1,1280,1279,90964,Bacteria,0,2.0,0.0,-1.0,100.0,125.0,73.5,0.0,-0.616,-1.0,65.0,0.8,-1.1,84.8,42.5,11.8,0.0,-1.0
165779,Anaerococcus,"",2,-100,165779,1570339,Bacteria,0,34.0,0.4,-0.3,99.7,143.5,85.6,0.0,0.006,-0.3,0,0,-100,0.0,0.0,0.0,0.0,-0.3
-100165779,Non-species-specific reads in genus Anaerococcus,,1,-100165779,165779,1570339,Bacteria,0,6.0,0.1,0.2,99.6,148.7,88.7,0.0,0.006,0.2,0,0,-100,0.0,0.0,0.0,0.0,0.2
1870984,Anaerococcus mediterraneensis,"",1,1870984,165779,1570339,Bacteria,0,28.0,0.4,-0.3,99.8,142.4,84.9,0.0,-0.036,-0.3,0,0,-100,0.0,0.0,0.0,0.0,-0.3
2071980,Unnamed genus taxon 2071980,,2,-100,2071980,1046,Uncategorized,0,0,0,-100,0.0,0.0,0.0,0.0,0.0,-0.2,3.0,0.0,-0.2,98.5,46.0,16.0,0.0,-0.2
1547515,Pararheinheimera mesophila,"",1,1547515,2071980,1046,Bacteria,0,0,0,-100,0.0,0.0,0.0,0.0,0.0,-0.2,3.0,0.0,-0.2,98.5,46.0,16.0,0.0,-0.2
1930830,Floricoccus,"",2,-100,1930830,1300,Bacteria,0,0,0,-100,0.0,0.0,0.0,0.0,0.0,-0.1,2.0,0.0,-0.1,94.8,47.5,17.0,0.0,-0.1
-101930830,Non-species-specific reads in genus Floricoccus,,1,-101930830,1930830,1300,Bacteria,0,0,0,-100,0.0,0.0,0.0,0.0,0.0,0.0,2.0,0.0,0.0,94.8,47.5,17.0,0.0,0.0
1924110,Massiliomicrobiota,"",2,-100,1924110,128827,Bacteria,0,0,0,-100,0.0,0.0,0.0,0.0,0.0,-0.5,1.0,0.0,-0.5,71.7,46.0,9.6,0.0,-0.5
1776392,Massiliomicrobiota timonensis,"",1,1776392,1924110,128827,Bacteria,0,0,0,-100,0.0,0.0,0.0,0.0,0.0,-0.3,1.0,0.0,-0.3,71.7,46.0,9.6,0.0,-0.3
1912216,Cutibacterium,"",2,-100,1912216,31957,Bacteria,0,6.0,0.1,-0.8,99.7,145.2,86.6,0.0,0.0,-0.7,6.0,0.1,-0.7,99.6,47.7,18.6,0.0,-0.7
-101912216,Non-species-specific reads in genus Cutibacterium,,1,-101912216,1912216,31957,Bacteria,0,0,0,-100,0.0,0.0,0.0,0.0,0.0,-0.8,1.0,0.0,-0.8,100.0,49.0,17.9,0.0,-0.8
1747,Cutibacterium acnes,"",1,1747,1912216,31957,Bacteria,0,6.0,0.1,-0.8,99.7,145.2,86.6,0.0,-0.12,-0.8,5.0,0.1,-0.8,99.6,47.4,18.7,0.0,-0.8
1870884,Clostridioides,"",2,-100,1870884,186804,Bacteria,0,0,0,-100,0.0,0.0,0.0,0.0,0.0,-1.0,1.0,0.0,-1.0,84.2,38.0,8.7,0.0,-1.0
1496,Clostridioides difficile,"",1,1496,1870884,186804,Bacteria,0,0,0,-100,0.0,0.0,0.0,0.0,0.0,-1.0,1.0,0.0,-1.0,84.2,38.0,8.7,0.0,-1.0
1689250,Gorillibacterium,"",2,-100,1689250,186822,Bacteria,0,0,0,-100,0.0,0.0,0.0,0.0,0.0,-0.6,1.0,0.0,-0.6,73.5,49.0,11.3,0.0,-0.6
1280390,Gorillibacterium massiliense,"",1,1280390,1689250,186822,Bacteria,0,0,0,-100,0.0,0.0,0.0,0.0,0.0,-0.7,1.0,0.0,-0.7,73.5,49.0,11.3,0.0,-0.7
1609627,Hydrogenibacillus,"",2,-100,1609627,186817,Bacteria,0,0,0,-100,0.0,0.0,0.0,0.0,0.0,-0.8,1.0,0.0,-0.8,100.0,41.0,15.5,0.0,-0.8
1484,Hydrogenibacillus schlegelii,"",1,1484,1609627,186817,Bacteria,0,0,0,-100,0.0,0.0,0.0,0.0,0.0,-0.8,1.0,0.0,-0.8,100.0,41.0,15.5,0.0,-0.8
1508657,Ruminiclostridium,"",2,-100,1508657,541000,Bacteria,0,0,0,-100,0.0,0.0,0.0,0.0,0.0,-0.4,26.0,0.3,-0.4,83.2,33.7,8.3,0.0,-0.4
-101508657,Non-species-specific reads in genus Ruminiclostridium,,1,-101508657,1508657,541000,Bacteria,0,0,0,-100,0.0,0.0,0.0,0.0,0.0,-0.3,1.0,0.0,-0.3,78.8,33.0,6.1,0.0,-0.3
29362,[Clostridium] papyrosolvens,"",1,29362,1508657,541000,Bacteria,0,0,0,-100,0.0,0.0,0.0,0.0,0.0,-0.3,2.0,0.0,-0.3,86.9,37.5,8.7,0.0,-0.3
1515,Ruminiclostridium thermocellum,"",1,1515,1508657,541000,Bacteria,0,0,0,-100,0.0,0.0,0.0,0.0,-0.012,-0.3,4.0,0.1,-0.3,68.0,49.3,8.1,0.0,-0.3
1535,[Clostridium] leptum,"",1,1535,1508657,541000,Bacteria,0,0,0,-100,0.0,0.0,0.0,0.0,-0.024,-0.3,19.0,0.2,-0.3,86.2,30.0,8.5,0.0,-0.3
1506577,Tyzzerella,"",2,-100,1506577,186803,Bacteria,0,0,0,-100,0.0,0.0,0.0,0.0,0.0,-0.3,1.0,0.0,-0.3,90.2,41.0,10.7,0.0,-0.3
29361,Tyzzerella nexilis,"",1,29361,1506577,186803,Bacteria,0,0,0,-100,0.0,0.0,0.0,0.0,0.0,-0.3,1.0,0.0,-0.3,90.2,41.0,10.7,0.0,-0.3
1347386,Anaerosalibacter,"",2,-100,1347386,1737406,Bacteria,0,0,0,-100,0.0,0.0,0.0,0.0,0.0,-0.7,1.0,0.0,-0.7,83.3,42.0,9.2,0.0,-0.7
1871005,Anaerosalibacter sp. Marseille-P3206,"",1,1871005,1347386,1737406,Bacteria,0,0,0,-100,0.0,0.0,0.0,0.0,0.0,-0.4,1.0,0.0,-0.4,83.3,42.0,9.2,0.0,-0.4
1329200,Fictibacillus,"",2,-100,1329200,186817,Bacteria,0,1.0,0.0,-0.8,97.0,133.0,73.5,0.0,0.0,-0.8,0,0,-100,0.0,0.0,0.0,0.0,-0.8
1221500,Fictibacillus phosphorivorans,"",1,1221500,1329200,186817,Bacteria,0,1.0,0.0,-0.6,97.0,133.0,73.5,0.0,0.0,-0.6,0,0,-100,0.0,0.0,0.0,0.0,-0.6
1295327,Croceicoccus,"",2,-100,1295327,335929,Bacteria,0,0,0,-100,0.0,0.0,0.0,0.0,0.0,-0.8,1.0,0.0,-0.8,75.0,44.0,10.5,0.0,-0.8
1703341,Croceicoccus pelagius,"",1,1703341,1295327,335929,Bacteria,0,0,0,-100,0.0,0.0,0.0,0.0,0.0,-0.7,1.0,0.0,-0.7,75.0,44.0,10.5,0.0,-0.7
1217415,Lysinimicrobium,"",2,-100,1217415,1042322,Bacteria,0,0,0,-100,0.0,0.0,0.0,0.0,0.0,-1.0,1.0,0.0,-1.0,91.2,34.0,10.7,0.0,-1.0
-101217415,Non-species-specific reads in genus Lysinimicrobium,,1,-101217415,1217415,1042322,Bacteria,0,0,0,-100,0.0,0.0,0.0,0.0,0.0,-0.9,1.0,0.0,-0.9,91.2,34.0,10.7,0.0,-0.9
1215913,Litorilinea,"",2,-100,1215913,475964,Bacteria,0,0,0,-100,0.0,0.0,0.0,0.0,0.0,-1.0,1.0,0.0,-1.0,67.3,49.0,11.0,0.0,-1.0
1204385,Litorilinea aerophila,"",1,1204385,1215913,475964,Bacteria,0,0,0,-100,0.0,0.0,0.0,0.0,0.0,-1.0,1.0,0.0,-1.0,67.3,49.0,11.0,0.0,-1.0
985001,Piscicoccus,"",2,-100,985001,85018,Bacteria,0,0,0,-100,0.0,0.0,0.0,0.0,0.0,-1.0,2.0,0.0,-1.0,98.0,49.5,17.8,0.0,-1.0
746033,Piscicoccus intestinalis,"",1,746033,985001,85018,Bacteria,0,0,0,-100,0.0,0.0,0.0,0.0,0.0,-1.0,2.0,0.0,-1.0,98.0,49.5,17.8,0.0,-1.0
941338,Bhargavaea,"",2,-100,941338,186818,Bacteria,0,0,0,-100,0.0,0.0,0.0,0.0,0.0,-1.0,1.0,0.0,-1.0,96.6,29.0,6.1,0.0,-1.0
394098,Bhargavaea cecembensis,"",1,394098,941338,186818,Bacteria,0,0,0,-100,0.0,0.0,0.0,0.0,0.0,-1.0,1.0,0.0,-1.0,96.6,29.0,6.1,0.0,-1.0
875170,Celeribacter,"",2,-100,875170,31989,Bacteria,0,2.0,0.0,-0.9,83.6,121.5,42.3,0.0,0.0,-0.9,0,0,-100,0.0,0.0,0.0,0.0,-0.9
1208324,Celeribacter indicus,"",1,1208324,875170,31989,Bacteria,0,2.0,0.0,-0.9,83.6,121.5,42.3,0.0,0.0,-0.9,0,0,-100,0.0,0.0,0.0,0.0,-0.9
697279,Bavariicoccus,"",2,-100,697279,81852,Bacteria,0,0,0,-100,0.0,0.0,0.0,0.0,0.0,-0.4,1.0,0.0,-0.4,89.4,47.0,13.9,0.0,-0.4
549685,Bavariicoccus seileri,"",1,549685,697279,81852,Bacteria,0,0,0,-100,0.0,0.0,0.0,0.0,0.0,-0.4,1.0,0.0,-0.4,89.4,47.0,13.9,0.0,-0.4
648799,Thermotalea,"",2,-100,648799,31979,Bacteria,0,0,0,-100,0.0,0.0,0.0,0.0,0.0,-0.6,1.0,0.0,-0.6,94.9,39.0,12.3,0.0,-0.6
520762,Thermotalea metallivorans,"",1,520762,648799,31979,Bacteria,0,0,0,-100,0.0,0.0,0.0,0.0,0.0,-0.6,1.0,0.0,-0.6,94.9,39.0,12.3,0.0,-0.6
559173,Fructobacillus,"",2,-100,559173,81850,Bacteria,0,0,0,-100,0.0,0.0,0.0,0.0,0.0,-0.2,2.0,0.0,-0.2,87.5,32.0,7.4,0.0,-0.2
157463,Fructobacillus ficulneus,"",1,157463,559173,81850,Bacteria,0,0,0,-100,0.0,0.0,0.0,0.0,0.0,0.9,2.0,0.0,0.9,87.5,32.0,7.4,0.0,0.9
471798,Shimazuella,"",2,-100,471798,186824,Bacteria,0,0,0,-100,0.0,0.0,0.0,0.0,0.0,-0.6,1.0,0.0,-0.6,93.3,30.0,6.2,0.0,-0.6
139808,Shimazuella kribbensis,"",1,139808,471798,186824,Bacteria,0,0,0,-100,0.0,0.0,0.0,0.0,0.0,-0.6,1.0,0.0,-0.6,93.3,30.0,6.2,0.0,-0.6
400634,Lysinibacillus,"",2,-100,400634,186817,Bacteria,0,1.0,0.0,-0.9,90.2,143.0,66.6,0.0,0.0,-0.9,0,0,-100,0.0,0.0,0.0,0.0,-0.9
1421,Lysinibacillus sphaericus,"",1,1421,400634,186817,Bacteria,0,1.0,0.0,-0.7,90.2,143.0,66.6,0.0,0.0,-0.7,0,0,-100,0.0,0.0,0.0,0.0,-0.7
399320,Sphaerochaeta,"",2,-100,399320,137,Bacteria,0,2.0,0.0,0.1,100.0,139.5,83.4,0.0,0.0,0.1,1.0,0.0,-0.6,87.1,31.0,6.7,0.0,0.1
273376,Sphaerochaeta coccoides,"",1,273376,399320,137,Bacteria,0,0,0,-100,0.0,0.0,0.0,0.0,0.0,-0.4,1.0,0.0,-0.4,87.1,31.0,6.7,0.0,-0.4
886478,uncultured Sphaerochaeta sp.,"",1,886478,399320,137,Bacteria,0,2.0,0.0,100.0,100.0,139.5,83.4,0.0,0.0,100.0,0,0,-100,0.0,0.0,0.0,0.0,100.0
375928,Natranaerobius,"",2,-100,375928,485255,Bacteria,0,1.0,0.0,-0.1,96.9,96.0,49.6,0.0,0.0,-0.1,0,0,-100,0.0,0.0,0.0,0.0,-0.1
375929,Natranaerobius thermophilus,"",1,375929,375928,485255,Bacteria,0,1.0,0.0,-0.1,96.9,96.0,49.6,0.0,0.0,-0.1,0,0,-100,0.0,0.0,0.0,0.0,-0.1
355929,Yonghaparkia,"",2,-100,355929,85023,Bacteria,0,0,0,-100,0.0,0.0,0.0,0.0,0.0,-0.7,2.0,0.0,-0.7,88.5,43.0,12.8,0.0,-0.7
-100355929,Non-species-specific reads in genus Yonghaparkia,,1,-100355929,355929,85023,Bacteria,0,0,0,-100,0.0,0.0,0.0,0.0,0.0,-0.6,2.0,0.0,-0.6,88.5,43.0,12.8,0.0,-0.6
300418,Catellicoccus,"",2,-100,300418,81852,Bacteria,0,0,0,-100,0.0,0.0,0.0,0.0,0.0,0.1,1.0,0.0,0.1,97.4,38.0,12.5,0.0,0.1
300419,Catellicoccus marimammalium,"",1,300419,300418,81852,Bacteria,0,0,0,-100,0.0,0.0,0.0,0.0,0.0,0.1,1.0,0.0,0.1,97.4,38.0,12.5,0.0,0.1
292480,Atopostipes,"",2,-100,292480,186828,Bacteria,0,0,0,-100,0.0,0.0,0.0,0.0,0.0,-0.5,1.0,0.0,-0.5,93.1,29.0,6.3,0.0,-0.5
180295,Atopostipes suicloacalis,"",1,180295,292480,186828,Bacteria,0,0,0,-100,0.0,0.0,0.0,0.0,0.0,-0.5,1.0,0.0,-0.5,93.1,29.0,6.3,0.0,-0.5
270497,Catabacter,"",2,-100,270497,424536,Bacteria,0,0,0,-100,0.0,0.0,0.0,0.0,0.0,-0.5,1.0,0.0,-0.5,93.5,31.0,6.1,0.0,-0.5
270498,Catabacter hongkongensis,"",1,270498,270497,424536,Bacteria,0,0,0,-100,0.0,0.0,0.0,0.0,0.0,-0.5,1.0,0.0,-0.5,93.5,31.0,6.1,0.0,-0.5
269773,Atopococcus,"",2,-100,269773,186828,Bacteria,0,0,0,-100,0.0,0.0,0.0,0.0,0.0,-0.6,1.0,0.0,-0.6,98.0,49.0,17.8,0.0,-0.6
269774,Atopococcus tabaci,"",1,269774,269773,186828,Bacteria,0,0,0,-100,0.0,0.0,0.0,0.0,0.0,-0.6,1.0,0.0,-0.6,98.0,49.0,17.8,0.0,-0.6
265976,Serinicoccus,"",2,-100,265976,85021,Bacteria,0,0,0,-100,0.0,0.0,0.0,0.0,0.0,-0.8,2.0,0.0,-0.8,97.6,40.5,11.9,0.0,-0.8
1078471,Serinicoccus profundi,"",1,1078471,265976,85021,Bacteria,0,0,0,-100,0.0,0.0,0.0,0.0,0.0,-0.7,2.0,0.0,-0.7,97.6,40.5,11.9,0.0,-0.7
261933,Pleomorphomonas,"",2,-100,261933,31993,Bacteria,0,0,0,-100,0.0,0.0,0.0,0.0,0.0,-1.1,2.0,0.0,-1.1,100.0,49.5,17.0,0.0,-1.1
261934,Pleomorphomonas oryzae,"",1,261934,261933,31993,Bacteria,0,0,0,-100,0.0,0.0,0.0,0.0,0.0,-0.9,1.0,0.0,-0.9,100.0,49.0,16.6,0.0,-0.9
442121,uncultured Pleomorphomonas sp.,"",1,442121,261933,31993,Bacteria,0,0,0,-100,0.0,0.0,0.0,0.0,0.0,-1.0,1.0,0.0,-1.0,100.0,50.0,17.4,0.0,-1.0
225842,Formosa,"",2,-100,225842,49546,Bacteria,0,1.0,0.0,-0.5,87.3,134.0,56.3,0.0,0.0,-0.5,0,0,-100,0.0,0.0,0.0,0.0,-0.5
320324,Formosa agariphila,"",1,320324,225842,49546,Bacteria,0,1.0,0.0,-0.5,87.3,134.0,56.3,0.0,0.0,-0.5,0,0,-100,0.0,0.0,0.0,0.0,-0.5
150022,Finegoldia,"",2,-100,150022,1570339,Bacteria,0,3.0,0.0,-0.2,94.4,147.7,77.5,0.0,0.0,-0.2,1.0,0.0,-0.2,90.0,40.0,10.5,0.0,-0.2
1260,Finegoldia magna,"",1,1260,150022,1570339,Bacteria,0,3.0,0.0,-0.2,94.4,147.7,77.5,0.0,0.0,-0.2,1.0,0.0,-0.2,90.0,40.0,10.5,0.0,-0.2
136491,Atopobacter,"",2,-100,136491,186828,Bacteria,0,0,0,-100,0.0,0.0,0.0,0.0,0.0,-0.2,1.0,0.0,-0.2,82.2,45.0,11.4,0.0,-0.2
136492,Atopobacter phocae,"",1,136492,136491,186828,Bacteria,0,0,0,-100,0.0,0.0,0.0,0.0,0.0,-0.2,1.0,0.0,-0.2,82.2,45.0,11.4,0.0,-0.2
129337,Geobacillus,"",2,-100,129337,186817,Bacteria,0,0,0,-100,0.0,0.0,0.0,0.0,0.0,-0.9,30.0,0.4,-0.9,86.9,43.0,14.0,0.0,-0.9
-100129337,Non-species-specific reads in genus Geobacillus,,1,-100129337,129337,186817,Bacteria,0,0,0,-100,0.0,0.0,0.0,0.0,0.0,-0.9,1.0,0.0,-0.9,83.3,42.0,9.6,0.0,-0.9
1547578,Geobacillus sp. BCO2,"",1,1547578,129337,186817,Bacteria,0,0,0,-100,0.0,0.0,0.0,0.0,-0.072,-0.2,29.0,0.4,-0.2,87.0,43.1,14.1,0.0,-0.2
117902,Protopolystoma,"",2,-100,117902,54588,Eukaryota,0,1.0,0.0,0.0,100.0,96.0,53.7,0.0,0.0,0.0,0,0,-100,0.0,0.0,0.0,0.0,0.0
117903,Protopolystoma xenopodis,"",1,117903,117902,54588,Eukaryota,0,1.0,0.0,0.0,100.0,96.0,53.7,0.0,0.0,0.0,0,0,-100,0.0,0.0,0.0,0.0,0.0
117563,Granulicatella,"",2,-100,117563,186828,Bacteria,0,0,0,-100,0.0,0.0,0.0,0.0,0.0,-0.9,6.0,0.1,-0.9,90.2,41.2,11.4,0.0,-0.9
46124,Granulicatella adiacens,"",1,46124,117563,186828,Bacteria,0,0,0,-100,0.0,0.0,0.0,0.0,0.0,-0.7,1.0,0.0,-0.7,91.3,46.0,12.8,0.0,-0.7
137732,Granulicatella elegans,"",1,137732,117563,186828,Bacteria,0,0,0,-100,0.0,0.0,0.0,0.0,-0.08100000000000002,-0.9,5.0,0.1,-0.9,89.9,40.2,11.1,0.0,-0.9
112040,Zobellia,"",2,-100,112040,49546,Bacteria,0,0,0,-100,0.0,0.0,0.0,0.0,0.0,-0.9,1.0,0.0,-0.9,75.6,45.0,9.9,0.0,-0.9
143224,Zobellia uliginosa,"",1,143224,112040,49546,Bacteria,0,0,0,-100,0.0,0.0,0.0,0.0,0.0,-0.7,1.0,0.0,-0.7,75.6,45.0,9.9,0.0,-0.7
106633,Thioalkalivibrio,"",2,-100,106633,72276,Bacteria,0,1.0,0.0,-1.0,88.8,134.0,59.1,0.0,0.0,-1.0,0,0,-100,0.0,0.0,0.0,0.0,-1.0
1033854,Thioalkalivibrio sulfidiphilus,"",1,1033854,106633,72276,Bacteria,0,1.0,0.0,-1.0,88.8,134.0,59.1,0.0,0.0,-1.0,0,0,-100,0.0,0.0,0.0,0.0,-1.0
100883,Coprobacillus,"",2,-100,100883,128827,Bacteria,0,0,0,-100,0.0,0.0,0.0,0.0,0.0,-0.3,12.0,0.2,-0.3,81.2,35.2,8.0,0.0,-0.3
450746,Coprobacillus sp. 8_1_38FAA,"",1,450746,100883,128827,Bacteria,0,0,0,-100,0.0,0.0,0.0,0.0,0.0,-0.0,11.0,0.1,-0.0,79.7,35.1,7.8,0.0,-0.0
1896994,Coprobacillus sp. 28_7,"",1,1896994,100883,128827,Bacteria,0,0,0,-100,0.0,0.0,0.0,0.0,0.0,100.0,1.0,0.0,100.0,97.2,36.0,9.9,0.0,100.0
99479,Tetrasphaera,"",2,-100,99479,85021,Bacteria,0,0,0,-100,0.0,0.0,0.0,0.0,0.0,-1.0,1.0,0.0,-1.0,90.3,31.0,7.5,0.0,-1.0
99481,Tetrasphaera japonica,"",1,99481,99479,85021,Bacteria,0,0,0,-100,0.0,0.0,0.0,0.0,0.0,-0.9,1.0,0.0,-0.9,90.3,31.0,7.5,0.0,-0.9
84567,Pedobacter,"",2,-100,84567,84566,Bacteria,0,0,0,-100,0.0,0.0,0.0,0.0,0.0,-0.9,1.0,0.0,-0.9,96.0,25.0,6.7,0.0,-0.9
363849,Pedobacter panaciterrae,"",1,363849,84567,84566,Bacteria,0,0,0,-100,0.0,0.0,0.0,0.0,0.0,-0.8,1.0,0.0,-0.8,96.0,25.0,6.7,0.0,-0.8
84406,Virgibacillus,"",2,-100,84406,186817,Bacteria,0,0,0,-100,0.0,0.0,0.0,0.0,0.0,-0.9,1.0,0.0,-0.9,73.8,42.0,7.6,0.0,-0.9
1499679,Virgibacillus senegalensis,"",1,1499679,84406,186817,Bacteria,0,0,0,-100,0.0,0.0,0.0,0.0,0.0,-0.5,1.0,0.0,-0.5,73.8,42.0,7.6,0.0,-0.5
83614,Luteimonas,"",2,-100,83614,32033,Bacteria,0,0,0,-100,0.0,0.0,0.0,0.0,0.0,-1.2,1.0,0.0,-1.2,63.8,47.0,7.0,0.0,-1.2
1547516,Luteimonas sp. FCS-9,"",1,1547516,83614,32033,Bacteria,0,0,0,-100,0.0,0.0,0.0,0.0,0.0,-1.3,1.0,0.0,-1.3,63.8,47.0,7.0,0.0,-1.3
82802,Trichococcus,"",2,-100,82802,186828,Bacteria,0,0,0,-100,0.0,0.0,0.0,0.0,0.0,-1.0,2.0,0.0,-1.0,73.9,42.5,7.3,0.0,-1.0
140314,Trichococcus palustris,"",1,140314,82802,186828,Bacteria,0,0,0,-100,0.0,0.0,0.0,0.0,0.0,-0.8,1.0,0.0,-0.8,81.1,37.0,8.1,0.0,-0.8
157076,Trichococcus collinsii,"",1,157076,82802,186828,Bacteria,0,0,0,-100,0.0,0.0,0.0,0.0,0.0,-0.4,1.0,0.0,-0.4,66.7,48.0,6.4,0.0,-0.4
81461,Thermanaerovibrio,"",2,-100,81461,649777,Bacteria,0,1.0,0.0,-0.3,92.0,113.0,53.0,0.0,0.0,-0.3,0,0,-100,0.0,0.0,0.0,0.0,-0.3
81462,Thermanaerovibrio acidaminovorans,"",1,81462,81461,649777,Bacteria,0,1.0,0.0,-0.3,92.0,113.0,53.0,0.0,0.0,-0.3,0,0,-100,0.0,0.0,0.0,0.0,-0.3
80865,Delftia,"",2,-100,80865,80864,Bacteria,0,1.0,0.0,-0.8,87.2,148.0,63.1,0.0,0.0,-0.8,0,0,-100,0.0,0.0,0.0,0.0,-0.8
-100080865,Non-species-specific reads in genus Delftia,,1,-100080865,80865,80864,Bacteria,0,1.0,0.0,-0.8,87.2,148.0,63.1,0.0,0.0,-0.8,0,0,-100,0.0,0.0,0.0,0.0,-0.8
67575,Rheinheimera,"",2,-100,67575,1046,Bacteria,0,2.0,0.0,-0.2,87.1,111.5,44.4,0.0,0.0,-0.2,1.0,0.0,-0.2,79.5,44.0,9.4,0.0,-0.2
506534,Rheinheimera sp. A13L,"",1,506534,67575,1046,Bacteria,0,0,0,-100,0.0,0.0,0.0,0.0,0.0,-0.2,1.0,0.0,-0.2,79.5,44.0,9.4,0.0,-0.2
1763998,Rheinheimera sp. F8,"",1,1763998,67575,1046,Bacteria,0,2.0,0.0,-0.2,87.1,111.5,44.4,0.0,0.0,-0.2,0,0,-100,0.0,0.0,0.0,0.0,-0.2
63265,Sporisorium,"",2,-100,63265,5268,Eukaryota,0,0,0,-100,0.0,0.0,0.0,0.0,0.0,-0.4,1.0,0.0,-0.4,81.2,16.0,7.2,0.0,-0.4
49012,Sporisorium scitamineum,"",1,49012,63265,5268,Eukaryota,0,0,0,-100,0.0,0.0,0.0,0.0,0.0,-0.4,1.0,0.0,-0.4,81.2,16.0,7.2,0.0,-0.4
59732,Chryseobacterium,"",2,-100,59732,49546,Bacteria,0,0,0,-100,0.0,0.0,0.0,0.0,0.0,-1.6,1.0,0.0,-1.6,100.0,14.0,13.5,0.0,-1.6
1945581,Chryseobacterium mucoviscidosis,"",1,1945581,59732,49546,Bacteria,0,0,0,-100,0.0,0.0,0.0,0.0,0.0,-0.8,1.0,0.0,-0.8,100.0,14.0,13.5,0.0,-0.8
57493,Kocuria,"",2,-100,57493,1268,Bacteria,0,2.0,0.0,-0.6,99.3,145.5,86.1,0.0,0.0,-0.6,0,0,-100,0.0,0.0,0.0,0.0,-0.6
71999,Kocuria palustris,"",1,71999,57493,1268,Bacteria,0,2.0,0.0,-0.9,99.3,145.5,86.1,0.0,0.0,-0.9,0,0,-100,0.0,0.0,0.0,0.0,-0.9
55193,Malassezia,"",2,-100,55193,742845,Eukaryota,0,0,0,-100,0.0,0.0,0.0,0.0,0.0,-0.5,2.0,0.0,-0.5,79.3,43.5,11.3,0.0,-0.5
76773,Malassezia globosa,"",1,76773,55193,742845,Eukaryota,0,0,0,-100,0.0,0.0,0.0,0.0,0.0,-0.5,2.0,0.0,-0.5,79.3,43.5,11.3,0.0,-0.5
55079,Aneurinibacillus,"",2,-100,55079,186822,Bacteria,0,0,0,-100,0.0,0.0,0.0,0.0,0.0,-1.0,1.0,0.0,-1.0,80.0,40.0,8.4,0.0,-1.0
47500,Aneurinibacillus migulanus,"",1,47500,55079,186822,Bacteria,0,0,0,-100,0.0,0.0,0.0,0.0,0.0,-0.7,1.0,0.0,-0.7,80.0,40.0,8.4,0.0,-0.7
55077,Monomorium,"",2,-100,55077,36668,Eukaryota,0,2.0,0.0,-0.9,93.0,143.0,72.1,0.0,0.0,-0.9,0,0,-100,0.0,0.0,0.0,0.0,-0.9
307658,Monomorium pharaonis,pharaoh ant,1,307658,55077,36668,Eukaryota,0,2.0,0.0,-0.9,93.0,143.0,72.1,0.0,0.0,-0.9,0,0,-100,0.0,0.0,0.0,0.0,-0.9
51668,Tetragenococcus,"",2,-100,51668,81852,Bacteria,0,0,0,-100,0.0,0.0,0.0,0.0,0.0,-0.4,1.0,0.0,-0.4,86.4,44.0,10.8,0.0,-0.4
71453,Tetragenococcus solitarius,"",1,71453,51668,81852,Bacteria,0,0,0,-100,0.0,0.0,0.0,0.0,0.0,-0.1,1.0,0.0,-0.1,86.4,44.0,10.8,0.0,-0.1
51027,Enterobius,"",2,-100,51027,51026,Eukaryota,0,1.0,0.0,-0.2,97.2,107.0,57.1,0.0,0.0,-0.2,0,0,-100,0.0,0.0,0.0,0.0,-0.2
51028,Enterobius vermicularis,human pinworm,1,51028,51027,51026,Eukaryota,0,1.0,0.0,-0.2,97.2,107.0,57.1,0.0,0.0,-0.2,0,0,-100,0.0,0.0,0.0,0.0,-0.2
48736,Ralstonia,"",2,-100,48736,119060,Bacteria,0,3.0,0.0,-0.9,93.4,96.0,45.0,0.0,0.0,-0.9,2.0,0.0,-0.9,98.5,32.5,7.8,0.0,-0.9
-100048736,Non-species-specific reads in genus Ralstonia,,1,-100048736,48736,119060,Bacteria,0,0,0,-100,0.0,0.0,0.0,0.0,0.0,-0.9,2.0,0.0,-0.9,98.5,32.5,7.8,0.0,-0.9
305,Ralstonia solanacearum,"",1,305,48736,119060,Bacteria,0,1.0,0.0,-1.0,85.7,98.0,35.9,0.0,0.0,-1.0,0,0,-100,0.0,0.0,0.0,0.0,-1.0
329,Ralstonia pickettii,"",1,329,48736,119060,Bacteria,0,2.0,0.0,-0.9,97.3,95.0,49.6,0.0,0.0,-0.9,0,0,-100,0.0,0.0,0.0,0.0,-0.9
46255,Weissella,"",2,-100,46255,81850,Bacteria,0,1.0,0.0,-0.7,100.0,87.0,47.6,0.0,0.0,-0.7,4.0,0.1,-0.9,83.4,45.0,10.8,0.0,-0.7
-100046255,Non-species-specific reads in genus Weissella,,1,-100046255,46255,81850,Bacteria,0,0,0,-100,0.0,0.0,0.0,0.0,0.0,-0.9,2.0,0.0,-0.9,75.5,49.0,11.2,0.0,-0.9
165096,Weissella koreensis,"",1,165096,46255,81850,Bacteria,0,0,0,-100,0.0,0.0,0.0,0.0,0.0,0.3,2.0,0.0,0.3,91.3,41.0,10.4,0.0,0.3
1088712,Weissella sp. F13,"",1,1088712,46255,81850,Bacteria,0,1.0,0.0,100.0,100.0,87.0,47.6,0.0,0.0,100.0,0,0,-100,0.0,0.0,0.0,0.0,100.0
46254,Oenococcus,"",2,-100,46254,81850,Bacteria,0,0,0,-100,0.0,0.0,0.0,0.0,0.0,-0.8,1.0,0.0,-0.8,84.8,46.0,12.1,0.0,-0.8
1247,Oenococcus oeni,"",1,1247,46254,81850,Bacteria,0,0,0,-100,0.0,0.0,0.0,0.0,0.0,-0.5,1.0,0.0,-0.5,84.8,46.0,12.1,0.0,-0.5
46123,Abiotrophia,"",2,-100,46123,186827,Bacteria,0,0,0,-100,0.0,0.0,0.0,0.0,0.0,-0.5,1.0,0.0,-0.5,97.3,37.0,10.6,0.0,-0.5
-100046123,Non-species-specific reads in genus Abiotrophia,,1,-100046123,46123,186827,Bacteria,0,0,0,-100,0.0,0.0,0.0,0.0,0.0,-0.5,1.0,0.0,-0.5,97.3,37.0,10.6,0.0,-0.5
44249,Paenibacillus,"",2,-100,44249,186822,Bacteria,0,1.0,0.0,-1.1,96.5,115.0,61.2,0.0,0.0,-1.1,1.0,0.0,-1.1,76.5,34.0,6.5,0.0,-1.1
1406,Paenibacillus polymyxa,"",1,1406,44249,186822,Bacteria,0,1.0,0.0,-0.7,96.5,115.0,61.2,0.0,0.0,-0.7,0,0,-100,0.0,0.0,0.0,0.0,-0.7
189426,Paenibacillus odorifer,"",1,189426,44249,186822,Bacteria,0,0,0,-100,0.0,0.0,0.0,0.0,0.0,-1.0,1.0,0.0,-1.0,76.5,34.0,6.5,0.0,-1.0
43668,Brachybacterium,"",2,-100,43668,85020,Bacteria,0,2.0,0.0,-1.3,93.5,145.0,74.1,0.0,0.0,-1.3,4.0,0.1,-1.4,98.5,49.0,18.3,0.0,-1.3
-100043668,Non-species-specific reads in genus Brachybacterium,,1,-100043668,43668,85020,Bacteria,0,0,0,-100,0.0,0.0,0.0,0.0,0.0,-1.1,2.0,0.0,-1.1,98.0,48.5,17.5,0.0,-1.1
43669,Brachybacterium faecium,"",1,43669,43668,85020,Bacteria,0,2.0,0.0,-1.2,93.5,145.0,74.1,0.0,0.0,-1.2,0,0,-100,0.0,0.0,0.0,0.0,-1.2
219301,Brachybacterium muris,"",1,219301,43668,85020,Bacteria,0,0,0,-100,0.0,0.0,0.0,0.0,0.0,-1.3,2.0,0.0,-1.3,99.0,49.5,19.1,0.0,-1.3
43356,Kutzneria,"",2,-100,43356,2070,Bacteria,0,2.0,0.0,-1.2,89.6,128.5,57.4,0.0,0.0,-1.2,0,0,-100,0.0,0.0,0.0,0.0,-1.2
43357,Kutzneria albida,"",1,43357,43356,2070,Bacteria,0,2.0,0.0,-1.2,89.6,128.5,57.4,0.0,0.0,-1.2,0,0,-100,0.0,0.0,0.0,0.0,-1.2
40323,Stenotrophomonas,"",2,-100,40323,32033,Bacteria,0,104.0,1.3,-1.1,95.6,133.6,71.1,0.0,0.0,-1.1,84.0,1.1,-1.1,97.7,41.5,13.2,0.0,-1.1
659018,Stenotrophomonas daejeonensis,"",1,659018,40323,32033,Bacteria,0,0,0,-100,0.0,0.0,0.0,0.0,0.0,-0.9,1.0,0.0,-0.9,78.6,42.0,9.0,0.0,-0.9
2005046,Stenotrophomonas sp. WZN-1,"",1,2005046,40323,32033,Bacteria,0,10.0,0.1,-1.0,95.0,138.5,72.7,0.0,-0.11,-1.0,0,0,-100,0.0,0.0,0.0,0.0,-1.0
-100040323,Non-species-specific reads in genus Stenotrophomonas,,1,-100040323,40323,32033,Bacteria,0,4.0,0.1,-1.3,98.9,132.3,76.4,0.0,-0.99,-1.1,54.0,0.7,-1.1,98.3,40.8,13.0,0.0,-1.1
40324,Stenotrophomonas maltophilia,"",1,40324,40323,32033,Bacteria,0,90.0,1.1,-1.1,95.5,133.2,70.7,0.0,-1.815,-1.1,29.0,0.4,-1.1,97.2,42.7,13.7,0.0,-1.1
39952,Setosphaeria,"",2,-100,39952,28556,Eukaryota,0,1.0,0.0,-0.7,85.4,96.0,34.5,0.0,0.0,-0.7,0,0,-100,0.0,0.0,0.0,0.0,-0.7
93612,Setosphaeria turcica,"",1,93612,39952,28556,Eukaryota,0,1.0,0.0,-0.7,85.4,96.0,34.5,0.0,0.0,-0.7,0,0,-100,0.0,0.0,0.0,0.0,-0.7
33986,Exiguobacterium,"",2,-100,33986,-300,Bacteria,0,0,0,-100,0.0,0.0,0.0,0.0,0.0,-0.4,2.0,0.0,-0.4,70.6,44.5,8.4,0.0,-0.4
-100033986,Non-species-specific reads in genus Exiguobacterium,,1,-100033986,33986,-300,Bacteria,0,0,0,-100,0.0,0.0,0.0,0.0,0.0,-0.5,1.0,0.0,-0.5,68.3,41.0,6.9,0.0,-0.5
1385984,Exiguobacterium chiriqhucha,"",1,1385984,33986,-300,Bacteria,0,0,0,-100,0.0,0.0,0.0,0.0,0.0,-0.3,1.0,0.0,-0.3,72.9,48.0,9.8,0.0,-0.3
33882,Microbacterium,"",2,-100,33882,85023,Bacteria,0,0,0,-100,0.0,0.0,0.0,0.0,0.0,-1.0,1.0,0.0,-1.0,84.0,50.0,13.9,0.0,-1.0
1298860,Microbacterium sp. URHA0036,"",1,1298860,33882,85023,Bacteria,0,0,0,-100,0.0,0.0,0.0,0.0,0.0,-0.7,1.0,0.0,-0.7,84.0,50.0,13.9,0.0,-0.7
33057,Thauera,"",2,-100,33057,2008794,Bacteria,0,2.0,0.0,-1.0,84.4,126.0,46.1,0.0,0.0,-1.0,2.0,0.0,-1.1,76.6,47.0,9.8,0.0,-1.0
85643,Thauera sp. MZ1T,"",1,85643,33057,2008794,Bacteria,0,2.0,0.0,-1.0,84.4,126.0,46.1,0.0,0.0,-1.0,0,0,-100,0.0,0.0,0.0,0.0,-1.0
164400,Thauera phenylacetica,"",1,164400,33057,2008794,Bacteria,0,0,0,-100,0.0,0.0,0.0,0.0,0.0,-1.2,2.0,0.0,-1.2,76.6,47.0,9.8,0.0,-1.2
33042,Coprococcus,"",2,-100,33042,186803,Bacteria,0,0,0,-100,0.0,0.0,0.0,0.0,0.0,-0.7,1.0,0.0,-0.7,92.5,40.0,12.9,0.0,-0.7
33043,Coprococcus eutactus,"",1,33043,33042,186803,Bacteria,0,0,0,-100,0.0,0.0,0.0,0.0,0.0,-0.6,1.0,0.0,-0.6,92.5,40.0,12.9,0.0,-0.6
32008,Burkholderia,"",2,-100,32008,119060,Bacteria,0,2.0,0.0,-0.6,88.5,108.5,44.4,0.0,0.0,-0.6,0,0,-100,0.0,0.0,0.0,0.0,-0.6
152480,Burkholderia ambifaria,"",1,152480,32008,119060,Bacteria,0,2.0,0.0,-1.1,88.5,108.5,44.4,0.0,0.0,-1.1,0,0,-100,0.0,0.0,0.0,0.0,-1.1
29465,Veillonella,"",2,-100,29465,31977,Bacteria,0,0,0,-100,0.0,0.0,0.0,0.0,0.0,-0.7,2.0,0.0,-0.7,78.4,37.0,7.1,0.0,-0.7
-100029465,Non-species-specific reads in genus Veillonella,,1,-100029465,29465,31977,Bacteria,0,0,0,-100,0.0,0.0,0.0,0.0,0.0,-0.7,2.0,0.0,-0.7,78.4,37.0,7.1,0.0,-0.7
28250,Ornithobacterium,"",2,-100,28250,49546,Bacteria,0,0,0,-100,0.0,0.0,0.0,0.0,0.0,-0.4,1.0,0.0,-0.4,73.8,42.0,7.9,0.0,-0.4
28251,Ornithobacterium rhinotracheale,"",1,28251,28250,49546,Bacteria,0,0,0,-100,0.0,0.0,0.0,0.0,0.0,-0.4,1.0,0.0,-0.4,73.8,42.0,7.9,0.0,-0.4
13687,Sphingomonas,"",2,-100,13687,41297,Bacteria,0,2.0,0.0,-1.0,90.1,141.5,65.6,0.0,0.0,-1.0,6.0,0.1,-1.0,95.9,38.7,12.6,0.0,-1.0
407019,Sphingomonas astaxanthinifaciens,"",1,407019,13687,41297,Bacteria,0,0,0,-100,0.0,0.0,0.0,0.0,0.0,-0.7,2.0,0.0,-0.7,89.3,32.5,8.1,0.0,-0.7
1030157,Sphingomonas sp. KC8,"",1,1030157,13687,41297,Bacteria,0,2.0,0.0,-1.0,90.1,141.5,65.6,0.0,0.0,-1.0,0,0,-100,0.0,0.0,0.0,0.0,-1.0
-100013687,Non-species-specific reads in genus Sphingomonas,,1,-100013687,13687,41297,Bacteria,0,0,0,-100,0.0,0.0,0.0,0.0,-0.1,-1.0,4.0,0.1,-1.0,99.3,41.8,14.8,0.0,-1.0
13075,Globicatella,"",2,-100,13075,186827,Bacteria,0,0,0,-100,0.0,0.0,0.0,0.0,0.0,-0.8,1.0,0.0,-0.8,93.6,47.0,15.6,0.0,-0.8
-100013075,Non-species-specific reads in genus Globicatella,,1,-100013075,13075,186827,Bacteria,0,0,0,-100,0.0,0.0,0.0,0.0,0.0,-0.7,1.0,0.0,-0.7,93.6,47.0,15.6,0.0,-0.7
12960,Azoarcus,"",2,-100,12960,2008794,Bacteria,0,0,0,-100,0.0,0.0,0.0,0.0,0.0,-1.1,2.0,0.0,-1.1,68.2,44.0,7.0,0.0,-1.1
198107,Azoarcus sp. CIB,"",1,198107,12960,2008794,Bacteria,0,0,0,-100,0.0,0.0,0.0,0.0,0.0,-1.0,2.0,0.0,-1.0,68.2,44.0,7.0,0.0,-1.0
7482,Lasius,"",2,-100,7482,36668,Eukaryota,0,0,0,-100,0.0,0.0,0.0,0.0,0.0,-0.7,1.0,0.0,-0.7,80.0,35.0,6.4,0.0,-0.7
67767,Lasius niger,"",1,67767,7482,36668,Eukaryota,0,0,0,-100,0.0,0.0,0.0,0.0,0.0,-0.7,1.0,0.0,-0.7,80.0,35.0,6.4,0.0,-0.7
6643,Octopus,"",2,-100,6643,6647,Eukaryota,0,0,0,-100,0.0,0.0,0.0,0.0,0.0,-0.3,1.0,0.0,-0.3,87.0,23.0,7.9,0.0,-0.3
37653,Octopus bimaculoides,"",1,37653,6643,6647,Eukaryota,0,0,0,-100,0.0,0.0,0.0,0.0,0.0,-0.3,1.0,0.0,-0.3,87.0,23.0,7.9,0.0,-0.3
5598,Alternaria,"",2,-100,5598,28556,Eukaryota,0,3.0,0.0,-0.5,100.0,145.7,87.6,0.0,0.0,-0.5,2.0,0.0,-0.5,98.9,38.5,12.4,0.0,-0.5
5599,Alternaria alternata,"",1,5599,5598,28556,Eukaryota,0,3.0,0.0,-0.5,100.0,145.7,87.6,0.0,0.0,-0.5,2.0,0.0,-0.5,98.9,38.5,12.4,0.0,-0.5
5307,Phlebia,"",2,-100,5307,81064,Eukaryota,0,0,0,-100,0.0,0.0,0.0,0.0,0.0,-0.8,1.0,0.0,-0.8,72.9,48.0,9.9,0.0,-0.8
98765,Phlebia centrifuga,"",1,98765,5307,81064,Eukaryota,0,0,0,-100,0.0,0.0,0.0,0.0,0.0,-0.8,1.0,0.0,-0.8,72.9,48.0,9.9,0.0,-0.8
5052,Aspergillus,"",2,-100,5052,1131492,Eukaryota,0,2.0,0.0,-1.2,84.6,145.5,56.6,0.0,0.0,-1.2,0,0,-100,0.0,0.0,0.0,0.0,-1.2
5062,Aspergillus oryzae,"",1,5062,5052,1131492,Eukaryota,0,2.0,0.0,-1.1,84.6,145.5,56.6,0.0,0.0,-1.1,0,0,-100,0.0,0.0,0.0,0.0,-1.1
4564,Triticum,"",2,-100,4564,4479,Eukaryota,0,2.0,0.0,-0.4,90.8,146.5,69.7,0.0,0.0,-0.4,0,0,-100,0.0,0.0,0.0,0.0,-0.4
4565,Triticum aestivum,bread wheat,1,4565,4564,4479,Eukaryota,0,2.0,0.0,-0.4,90.8,146.5,69.7,0.0,0.0,-0.4,0,0,-100,0.0,0.0,0.0,0.0,-0.4
3633,Gossypium,"",2,-100,3633,3629,Eukaryota,0,1.0,0.0,-0.7,95.7,93.0,46.2,0.0,0.0,-0.7,0,0,-100,0.0,0.0,0.0,0.0,-0.7
3635,Gossypium hirsutum,cotton,1,3635,3633,3629,Eukaryota,0,1.0,0.0,-1.2,95.7,93.0,46.2,0.0,0.0,-1.2,0,0,-100,0.0,0.0,0.0,0.0,-1.2
2747,Carnobacterium,"",2,-100,2747,186828,Bacteria,0,0,0,-100,0.0,0.0,0.0,0.0,0.0,-0.7,3.0,0.0,-0.7,87.8,39.7,9.7,0.0,-0.7
-100002747,Non-species-specific reads in genus Carnobacterium,,1,-100002747,2747,186828,Bacteria,0,0,0,-100,0.0,0.0,0.0,0.0,0.0,-0.5,1.0,0.0,-0.5,93.8,32.0,6.3,0.0,-0.5
2748,Carnobacterium divergens,"",1,2748,2747,186828,Bacteria,0,0,0,-100,0.0,0.0,0.0,0.0,0.0,-0.4,1.0,0.0,-0.4,77.6,49.0,12.7,0.0,-0.4
2749,Carnobacterium gallinarum,"",1,2749,2747,186828,Bacteria,0,0,0,-100,0.0,0.0,0.0,0.0,0.0,-0.2,1.0,0.0,-0.2,92.1,38.0,10.1,0.0,-0.2
2737,Vagococcus,"",2,-100,2737,81852,Bacteria,0,0,0,-100,0.0,0.0,0.0,0.0,0.0,-0.6,1.0,0.0,-0.6,68.8,48.0,9.7,0.0,-0.6
81947,Vagococcus lutrae,"",1,81947,2737,81852,Bacteria,0,0,0,-100,0.0,0.0,0.0,0.0,0.0,-0.2,1.0,0.0,-0.2,68.8,48.0,9.7,0.0,-0.2
2701,Gardnerella,"",2,-100,2701,31953,Bacteria,0,0,0,-100,0.0,0.0,0.0,0.0,0.0,-0.5,1.0,0.0,-0.5,77.3,44.0,8.1,0.0,-0.5
2702,Gardnerella vaginalis,"",1,2702,2701,31953,Bacteria,0,0,0,-100,0.0,0.0,0.0,0.0,0.0,-0.5,1.0,0.0,-0.5,77.3,44.0,8.1,0.0,-0.5
2251,Haloferax,"",2,-100,2251,1644056,Archaea,0,0,0,-100,0.0,0.0,0.0,0.0,0.0,-0.7,1.0,0.0,-0.7,59.6,47.0,7.0,0.0,-0.7
302484,Haloferax larsenii,"",1,302484,2251,1644056,Archaea,0,0,0,-100,0.0,0.0,0.0,0.0,0.0,-0.4,1.0,0.0,-0.4,59.6,47.0,7.0,0.0,-0.4
1883,Streptomyces,"",2,-100,1883,2062,Bacteria,0,2.0,0.0,-1.0,81.4,137.5,46.4,0.0,0.0,-1.0,0,0,-100,0.0,0.0,0.0,0.0,-1.0
-100001883,Non-species-specific reads in genus Streptomyces,,1,-100001883,1883,2062,Bacteria,0,1.0,0.0,-1.0,87.8,131.0,55.6,0.0,0.0,-1.0,0,0,-100,0.0,0.0,0.0,0.0,-1.0
68570,Streptomyces albulus,"",1,68570,1883,2062,Bacteria,0,1.0,0.0,-0.8,75.0,144.0,37.1,0.0,0.0,-0.8,0,0,-100,0.0,0.0,0.0,0.0,-0.8
1873,Micromonospora,"",2,-100,1873,28056,Bacteria,0,1.0,0.0,-0.9,89.2,93.0,38.0,0.0,0.0,-0.8,1.0,0.0,-0.8,85.4,48.0,16.9,0.0,-0.8
-100001873,Non-species-specific reads in genus Micromonospora,,1,-100001873,1873,28056,Bacteria,0,0,0,-100,0.0,0.0,0.0,0.0,0.0,-0.8,1.0,0.0,-0.8,85.4,48.0,16.9,0.0,-0.8
299152,Micromonospora siamensis,"",1,299152,1873,28056,Bacteria,0,1.0,0.0,-0.8,89.2,93.0,38.0,0.0,0.0,-0.8,0,0,-100,0.0,0.0,0.0,0.0,-0.8
1865,Actinoplanes,"",2,-100,1865,28056,Bacteria,0,0,0,-100,0.0,0.0,0.0,0.0,0.0,-0.8,1.0,0.0,-0.8,76.0,50.0,14.5,0.0,-0.8
1710355,Actinoplanes sp. TFC3,"",1,1710355,1865,28056,Bacteria,0,0,0,-100,0.0,0.0,0.0,0.0,0.0,-0.7,1.0,0.0,-0.7,76.0,50.0,14.5,0.0,-0.7
1860,Geodermatophilus,"",2,-100,1860,85030,Bacteria,0,2.0,0.0,-0.5,89.4,123.0,54.3,0.0,0.0,-0.5,0,0,-100,0.0,0.0,0.0,0.0,-0.5
1861,Geodermatophilus obscurus,"",1,1861,1860,85030,Bacteria,0,2.0,0.0,-0.5,89.4,123.0,54.3,0.0,0.0,-0.5,0,0,-100,0.0,0.0,0.0,0.0,-0.5
1817,Nocardia,"",2,-100,1817,85025,Bacteria,0,1.0,0.0,-1.0,89.3,149.0,67.9,0.0,0.0,-1.0,0,0,-100,0.0,0.0,0.0,0.0,-1.0
134962,Nocardia soli,"",1,134962,1817,85025,Bacteria,0,1.0,0.0,-1.1,89.3,149.0,67.9,0.0,0.0,-1.1,0,0,-100,0.0,0.0,0.0,0.0,-1.1
1730,Eubacterium,"",2,-100,1730,186806,Bacteria,0,0,0,-100,0.0,0.0,0.0,0.0,0.0,-1.0,1.0,0.0,-1.0,78.6,42.0,10.0,0.0,-1.0
165185,uncultured Eubacterium sp.,"",1,165185,1730,186806,Bacteria,0,0,0,-100,0.0,0.0,0.0,0.0,0.0,-0.8,1.0,0.0,-0.8,78.6,42.0,10.0,0.0,-0.8
1716,Corynebacterium,"",2,-100,1716,1653,Bacteria,0,2.0,0.0,-0.7,99.6,112.0,63.9,0.0,0.0,-0.6,2.0,0.0,-0.6,93.1,29.0,6.2,0.0,-0.6
38302,Corynebacterium mycetoides,"",1,38302,1716,1653,Bacteria,0,2.0,0.0,-0.7,99.6,112.0,63.9,0.0,0.0,-0.6,2.0,0.0,-0.6,93.1,29.0,6.2,0.0,-0.6
1678,Bifidobacterium,"",2,-100,1678,31953,Bacteria,0,0,0,-100,0.0,0.0,0.0,0.0,0.0,-0.8,1.0,0.0,-0.8,76.6,47.0,7.1,0.0,-0.8
1680,Bifidobacterium adolescentis,"",1,1680,1678,31953,Bacteria,0,0,0,-100,0.0,0.0,0.0,0.0,0.0,-1.0,1.0,0.0,-1.0,76.6,47.0,7.1,0.0,-1.0
1654,Actinomyces,"",2,-100,1654,2049,Bacteria,0,2.0,0.0,-0.4,82.6,143.5,51.8,0.0,0.0,-0.4,4.0,0.1,-0.4,95.8,41.0,12.5,0.0,-0.4
1655,Actinomyces naeslundii,"",1,1655,1654,2049,Bacteria,0,0,0,-100,0.0,0.0,0.0,0.0,0.0,-0.3,2.0,0.0,-0.3,91.6,35.5,7.5,0.0,-0.3
55565,Actinomyces graevenitzii,"",1,55565,1654,2049,Bacteria,0,0,0,-100,0.0,0.0,0.0,0.0,0.0,-0.5,2.0,0.0,-0.5,100.0,46.5,17.5,0.0,-0.5
111015,Actinomyces radicidentis,"",1,111015,1654,2049,Bacteria,0,2.0,0.0,-0.4,82.6,143.5,51.8,0.0,0.0,-0.4,0,0,-100,0.0,0.0,0.0,0.0,-0.4
1637,Listeria,"",2,-100,1637,186820,Bacteria,0,0,0,-100,0.0,0.0,0.0,0.0,0.0,-1.2,9.0,0.1,-1.2,95.7,39.3,12.4,0.0,-1.2
-100001637,Non-species-specific reads in genus Listeria,,1,-100001637,1637,186820,Bacteria,0,0,0,-100,0.0,0.0,0.0,0.0,0.0,-0.3,3.0,0.0,-0.3,95.9,39.3,13.1,0.0,-0.3
1639,Listeria monocytogenes,"",1,1639,1637,186820,Bacteria,0,0,0,-100,0.0,0.0,0.0,0.0,0.0,-1.1,3.0,0.0,-1.1,96.2,44.7,16.7,0.0,-1.1
1640,Listeria seeligeri,"",1,1640,1637,186820,Bacteria,0,0,0,-100,0.0,0.0,0.0,0.0,0.0,0.3,1.0,0.0,0.3,97.2,36.0,10.1,0.0,0.3
1494960,Listeria aquatica,"",1,1494960,1637,186820,Bacteria,0,0,0,-100,0.0,0.0,0.0,0.0,0.0,0.3,2.0,0.0,0.3,93.9,33.0,6.2,0.0,0.3
1386,Bacillus,"",2,-100,1386,186817,Bacteria,0,7.0,0.1,-1.0,96.2,120.7,63.7,0.0,0.0,-1.0,8.0,0.1,-1.1,86.2,39.6,9.4,0.0,-1.0
1428,Bacillus thuringiensis,"",1,1428,1386,186817,Bacteria,0,1.0,0.0,-0.9,95.5,112.0,57.8,0.0,0.0,-0.9,2.0,0.0,-1.1,79.1,48.0,11.1,0.0,-0.9
152268,Bacillus litoralis,"",1,152268,1386,186817,Bacteria,0,0,0,-100,0.0,0.0,0.0,0.0,0.0,-0.7,2.0,0.0,-0.7,68.8,42.5,6.4,0.0,-0.7
492817,Bacillus sp. DJ-1,"",1,492817,1386,186817,Bacteria,0,1.0,0.0,3.7,98.3,119.0,66.7,0.0,0.0,3.7,0,0,-100,0.0,0.0,0.0,0.0,3.7
561879,Bacillus safensis,"",1,561879,1386,186817,Bacteria,0,1.0,0.0,-0.7,95.5,133.0,70.7,0.0,0.0,-0.7,0,0,-100,0.0,0.0,0.0,0.0,-0.7
86664,Bacillus flexus,"",1,86664,1386,186817,Bacteria,0,4.0,0.1,-0.5,96.0,120.3,62.7,0.0,-0.05,-0.5,0,0,-100,0.0,0.0,0.0,0.0,-0.5
-100001386,Non-species-specific reads in genus Bacillus,,1,-100001386,1386,186817,Bacteria,0,0,0,-100,0.0,0.0,0.0,0.0,-0.11,-1.0,4.0,0.1,-1.0,98.6,34.0,10.1,0.0,-1.0
1378,Gemella,"",2,-100,1378,-300,Bacteria,0,0,0,-100,0.0,0.0,0.0,0.0,0.0,-0.8,1.0,0.0,-0.8,73.2,41.0,6.3,0.0,-0.8
84135,Gemella sanguinis,"",1,84135,1378,-300,Bacteria,0,0,0,-100,0.0,0.0,0.0,0.0,0.0,-0.4,1.0,0.0,-0.4,73.2,41.0,6.3,0.0,-0.4
1375,Aerococcus,"",2,-100,1375,186827,Bacteria,0,0,0,-100,0.0,0.0,0.0,0.0,0.0,-1.3,2.0,0.0,-1.3,88.1,42.5,10.9,0.0,-1.3
87541,Aerococcus christensenii,"",1,87541,1375,186827,Bacteria,0,0,0,-100,0.0,0.0,0.0,0.0,0.0,-0.3,1.0,0.0,-0.3,78.7,47.0,11.3,0.0,-0.3
371602,Aerococcus suis,"",1,371602,1375,186827,Bacteria,0,0,0,-100,0.0,0.0,0.0,0.0,0.0,-0.3,1.0,0.0,-0.3,97.4,38.0,10.5,0.0,-0.3
1372,Planococcus,"",2,-100,1372,186818,Bacteria,0,0,0,-100,0.0,0.0,0.0,0.0,0.0,-0.5,1.0,0.0,-0.5,93.6,47.0,17.2,0.0,-0.5
192421,Planococcus maritimus,"",1,192421,1372,186818,Bacteria,0,0,0,-100,0.0,0.0,0.0,0.0,0.0,-0.6,1.0,0.0,-0.6,93.6,47.0,17.2,0.0,-0.6
1357,Lactococcus,lactic streptococci,2,-100,1357,1300,Bacteria,0,1.0,0.0,-0.9,100.0,92.0,51.0,0.0,0.0,-0.9,18.0,0.2,-1.0,87.3,43.1,11.4,0.0,-0.9
1363,Lactococcus garvieae,"",1,1363,1357,1300,Bacteria,0,0,0,-100,0.0,0.0,0.0,0.0,0.0,-0.9,1.0,0.0,-0.9,69.8,43.0,6.2,0.0,-0.9
1365,Lactococcus plantarum,"",1,1365,1357,1300,Bacteria,0,0,0,-100,0.0,0.0,0.0,0.0,0.0,-0.3,1.0,0.0,-0.3,82.1,39.0,7.2,0.0,-0.3
1364,Lactococcus piscium,"",1,1364,1357,1300,Bacteria,0,0,0,-100,0.0,0.0,0.0,0.0,-0.02,-0.2,6.0,0.1,-0.2,93.8,49.2,16.4,0.0,-0.2
-100001357,Non-species-specific reads in genus Lactococcus,,1,-100001357,1357,1300,Bacteria,0,0,0,-100,0.0,0.0,0.0,0.0,-0.08,-0.8,4.0,0.1,-0.8,86.1,39.3,9.5,0.0,-0.8
1358,Lactococcus lactis,"",1,1358,1357,1300,Bacteria,0,1.0,0.0,-0.9,100.0,92.0,51.0,0.0,-0.08,-0.8,6.0,0.1,-0.8,85.4,40.2,9.2,0.0,-0.8
1263,Ruminococcus,"",2,-100,1263,541000,Bacteria,0,0,0,-100,0.0,0.0,0.0,0.0,0.0,-1.0,20.0,0.3,-1.0,70.5,46.7,7.8,0.0,-1.0
1264,Ruminococcus albus,"",1,1264,1263,541000,Bacteria,0,0,0,-100,0.0,0.0,0.0,0.0,0.0,-0.5,1.0,0.0,-0.5,96.6,29.0,6.8,0.0,-0.5
46228,Ruminococcus lactaris,"",1,46228,1263,541000,Bacteria,0,0,0,-100,0.0,0.0,0.0,0.0,0.0,-0.5,1.0,0.0,-0.5,94.9,39.0,8.9,0.0,-0.5
165186,uncultured Ruminococcus sp.,"",1,165186,1263,541000,Bacteria,0,0,0,-100,0.0,0.0,0.0,0.0,-0.1,-0.5,18.0,0.2,-0.5,67.7,48.1,7.8,0.0,-0.5
1257,Peptostreptococcus,"",2,-100,1257,186804,Bacteria,0,0,0,-100,0.0,0.0,0.0,0.0,0.0,-0.7,2.0,0.0,-0.7,100.0,39.0,13.4,0.0,-0.7
1261,Peptostreptococcus anaerobius,"",1,1261,1257,186804,Bacteria,0,0,0,-100,0.0,0.0,0.0,0.0,0.0,-0.4,2.0,0.0,-0.4,100.0,39.0,13.4,0.0,-0.4
1253,Pediococcus,"",2,-100,1253,33958,Bacteria,0,0,0,-100,0.0,0.0,0.0,0.0,0.0,-0.8,3.0,0.0,-0.8,75.3,14.7,6.9,0.0,-0.8
1254,Pediococcus acidilactici,"",1,1254,1253,33958,Bacteria,0,0,0,-100,0.0,0.0,0.0,0.0,0.0,-0.4,3.0,0.0,-0.4,75.3,14.7,6.9,0.0,-0.4
1041,Erythrobacter,"",2,-100,1041,335929,Bacteria,0,0,0,-100,0.0,0.0,0.0,0.0,0.0,-0.7,2.0,0.0,-0.7,84.1,37.0,7.2,0.0,-0.7
1860125,Erythrobacter sp. QSSC1-22B,"",1,1860125,1041,335929,Bacteria,0,0,0,-100,0.0,0.0,0.0,0.0,0.0,-0.7,2.0,0.0,-0.7,84.1,37.0,7.2,0.0,-0.7
958,Bdellovibrio,"",2,-100,958,213483,Bacteria,0,0,0,-100,0.0,0.0,0.0,0.0,0.0,-0.9,1.0,0.0,-0.9,97.1,35.0,10.4,0.0,-0.9
959,Bdellovibrio bacteriovorus,"",1,959,958,213483,Bacteria,0,0,0,-100,0.0,0.0,0.0,0.0,0.0,-0.9,1.0,0.0,-0.9,97.1,35.0,10.4,0.0,-0.9
838,Prevotella,"",2,-100,838,171552,Bacteria,0,0,0,-100,0.0,0.0,0.0,0.0,0.0,-0.9,1.0,0.0,-0.9,91.2,34.0,7.7,0.0,-0.9
-100000838,Non-species-specific reads in genus Prevotella,,1,-100000838,838,171552,Bacteria,0,0,0,-100,0.0,0.0,0.0,0.0,0.0,-0.9,1.0,0.0,-0.9,91.2,34.0,7.7,0.0,-0.9
830,Butyrivibrio,"",2,-100,830,186803,Bacteria,0,0,0,-100,0.0,0.0,0.0,0.0,0.0,-0.8,1.0,0.0,-0.8,64.4,45.0,7.4,0.0,-0.8
1410610,Butyrivibrio sp. NC2002,"",1,1410610,830,186803,Bacteria,0,0,0,-100,0.0,0.0,0.0,0.0,0.0,-0.2,1.0,0.0,-0.2,64.4,45.0,7.4,0.0,-0.2
780,Rickettsia,"",2,-100,780,775,Bacteria,0,0,0,-100,0.0,0.0,0.0,0.0,0.0,-0.3,1.0,0.0,-0.3,69.0,42.0,6.1,0.0,-0.3
782,Rickettsia prowazekii,"",1,782,780,775,Bacteria,0,0,0,-100,0.0,0.0,0.0,0.0,0.0,-0.2,1.0,0.0,-0.2,69.0,42.0,6.1,0.0,-0.2
724,Haemophilus,"",2,-100,724,712,Bacteria,0,0,0,-100,0.0,0.0,0.0,0.0,0.0,-0.5,1.0,0.0,-0.5,95.6,45.0,15.6,0.0,-0.5
-100000724,Non-species-specific reads in genus Haemophilus,,1,-100000724,724,712,Bacteria,0,0,0,-100,0.0,0.0,0.0,0.0,0.0,-0.4,1.0,0.0,-0.4,95.6,45.0,15.6,0.0,-0.4
561,Escherichia,"",2,-100,561,543,Bacteria,0,13.0,0.2,-0.9,99.7,129.9,76.3,0.0,0.0,-0.5,17.0,0.2,-0.5,95.5,32.7,10.2,0.0,-0.5
-100000561,Non-species-specific reads in genus Escherichia,,1,-100000561,561,543,Bacteria,0,1.0,0.0,-1.1,100.0,105.0,59.9,0.0,0.0,-1.1,0,0,-100,0.0,0.0,0.0,0.0,-1.1
562,Escherichia coli,"",1,562,561,543,Bacteria,0,12.0,0.2,-0.9,99.7,132.0,77.7,0.0,-0.21200000000000002,-0.5,17.0,0.2,-0.5,95.5,32.7,10.2,0.0,-0.5
544,Citrobacter,"",2,-100,544,543,Bacteria,0,1.0,0.0,-0.4,86.0,100.0,37.2,0.0,0.0,-0.4,0,0,-100,0.0,0.0,0.0,0.0,-0.4
67825,Citrobacter rodentium,"",1,67825,544,543,Bacteria,0,1.0,0.0,-0.3,86.0,100.0,37.2,0.0,0.0,-0.3,0,0,-100,0.0,0.0,0.0,0.0,-0.3
517,Bordetella,"",2,-100,517,506,Bacteria,0,0,0,-100,0.0,0.0,0.0,0.0,0.0,-0.9,1.0,0.0,-0.9,91.8,49.0,16.6,0.0,-0.9
-100000517,Non-species-specific reads in genus Bordetella,,1,-100000517,517,506,Bacteria,0,0,0,-100,0.0,0.0,0.0,0.0,0.0,-1.1,1.0,0.0,-1.1,91.8,49.0,16.6,0.0,-1.1
482,Neisseria,"",2,-100,482,481,Bacteria,0,2.0,0.0,-1.0,100.0,142.5,85.5,0.0,0.0,-1.0,3.0,0.0,-1.1,87.8,46.7,13.7,0.0,-1.0
485,Neisseria gonorrhoeae,"",1,485,482,481,Bacteria,0,0,0,-100,0.0,0.0,0.0,0.0,0.0,-0.9,1.0,0.0,-0.9,67.4,43.0,7.6,0.0,-0.9
487,Neisseria meningitidis,"",1,487,482,481,Bacteria,0,2.0,0.0,-1.0,100.0,142.5,85.5,0.0,0.0,-1.0,2.0,0.0,-1.1,98.0,48.5,16.8,0.0,-1.0
469,Acinetobacter,"",2,-100,469,468,Bacteria,0,4.0,0.1,-0.2,99.7,143.5,85.4,0.0,0.0,-0.2,7.0,0.1,-0.2,93.6,37.9,11.6,0.0,-0.2
-100000469,Non-species-specific reads in genus Acinetobacter,,1,-100000469,469,468,Bacteria,0,0,0,-100,0.0,0.0,0.0,0.0,0.0,-0.2,2.0,0.0,-0.2,98.3,28.0,6.3,0.0,-0.2
470,Acinetobacter baumannii,"",1,470,469,468,Bacteria,0,0,0,-100,0.0,0.0,0.0,0.0,0.0,-0.3,2.0,0.0,-0.3,81.7,33.0,10.3,0.0,-0.3
40215,Acinetobacter junii,"",1,40215,469,468,Bacteria,0,4.0,0.1,-0.2,99.7,143.5,85.4,0.0,-0.004000000000000001,-0.2,3.0,0.0,-0.2,98.5,47.7,16.1,0.0,-0.2
434,Acetobacter,"",2,-100,434,433,Bacteria,0,0,0,-100,0.0,0.0,0.0,0.0,0.0,-0.7,1.0,0.0,-0.7,82.4,34.0,7.5,0.0,-0.7
435,Acetobacter aceti,"",1,435,434,433,Bacteria,0,0,0,-100,0.0,0.0,0.0,0.0,0.0,-0.8,1.0,0.0,-0.8,82.4,34.0,7.5,0.0,-0.8
338,Xanthomonas,"",2,-100,338,32033,Bacteria,0,1.0,0.0,-1.1,92.2,116.0,55.0,0.0,0.0,-0.8,2.0,0.0,-0.8,91.8,49.0,18.3,0.0,-0.8
343,Xanthomonas translucens,"",1,343,338,32033,Bacteria,0,0,0,-100,0.0,0.0,0.0,0.0,0.0,-1.2,2.0,0.0,-1.2,91.8,49.0,18.3,0.0,-1.2
56458,Xanthomonas sacchari,"",1,56458,338,32033,Bacteria,0,1.0,0.0,-1.0,92.2,116.0,55.0,0.0,0.0,-1.0,0,0,-100,0.0,0.0,0.0,0.0,-1.0
265,Paracoccus,"",2,-100,265,31989,Bacteria,0,0,0,-100,0.0,0.0,0.0,0.0,0.0,-0.8,2.0,0.0,-0.8,97.0,49.0,16.9,0.0,-0.8
1214787,Paracoccus sediminis,"",1,1214787,265,31989,Bacteria,0,0,0,-100,0.0,0.0,0.0,0.0,0.0,-0.5,2.0,0.0,-0.5,97.0,49.0,16.9,0.0,-0.5
209,Helicobacter,"",2,-100,209,72293,Bacteria,0,2.0,0.0,-0.3,91.9,116.0,54.3,0.0,0.0,-0.3,2.0,0.0,-0.5,75.8,33.0,7.4,0.0,-0.3
210,Helicobacter pylori,"",1,210,209,72293,Bacteria,0,1.0,0.0,-0.3,92.2,115.0,54.3,0.0,0.0,-0.3,2.0,0.0,-0.6,75.8,33.0,7.4,0.0,-0.3
279210,Helicobacter sp. Dog-4,"",1,279210,209,72293,Bacteria,0,1.0,0.0,100.0,91.5,117.0,54.3,0.0,0.0,100.0,0,0,-100,0.0,0.0,0.0,0.0,100.0
16,Methylophilus,"",2,-100,16,32011,Bacteria,0,0,0,-100,0.0,0.0,0.0,0.0,0.0,-0.2,2.0,0.0,-0.2,67.7,48.0,10.8,0.0,-0.2
1736371,Methylophilus sp. Leaf414,"",1,1736371,16,32011,Bacteria,0,0,0,-100,0.0,0.0,0.0,0.0,0.0,-0.2,2.0,0.0,-0.2,67.7,48.0,10.8,0.0,-0.2
-200000506,Non-genus-specific reads in family Alcaligenaceae,,2,-100,-200000506,506,Bacteria,0,0,0,-100,0.0,0.0,0.0,0.0,0.0,-1.2,1.0,0.0,-1.2,100.0,23.0,11.5,0.0,-1.2
-100000506,Non-species-specific reads in family Alcaligenaceae,,1,-100000506,-200000506,506,Bacteria,0,0,0,-100,0.0,0.0,0.0,0.0,0.0,-1.2,1.0,0.0,-1.2,100.0,23.0,11.5,0.0,-1.2
-200001046,Non-genus-specific reads in family Chromatiaceae,,2,-100,-200001046,1046,Bacteria,0,0,0,-100,0.0,0.0,0.0,0.0,0.0,-0.2,2.0,0.0,-0.2,98.0,48.5,18.4,0.0,-0.2
-100001046,Non-species-specific reads in family Chromatiaceae,,1,-100001046,-200001046,1046,Bacteria,0,0,0,-100,0.0,0.0,0.0,0.0,0.0,-0.2,2.0,0.0,-0.2,98.0,48.5,18.4,0.0,-0.2
-200033958,Non-genus-specific reads in family Lactobacillaceae,,2,-100,-200033958,33958,Bacteria,0,0,0,-100,0.0,0.0,0.0,0.0,0.0,-0.7,1.0,0.0,-0.7,96.2,26.0,6.5,0.0,-0.7
-100033958,Non-species-specific reads in family Lactobacillaceae,,1,-100033958,-200033958,33958,Bacteria,0,0,0,-100,0.0,0.0,0.0,0.0,0.0,-0.7,1.0,0.0,-0.7,96.2,26.0,6.5,0.0,-0.7
-200081852,Non-genus-specific reads in family Enterococcaceae,,2,-100,-200081852,81852,Bacteria,0,0,0,-100,0.0,0.0,0.0,0.0,0.0,-0.8,1.0,0.0,-0.8,95.9,49.0,15.8,0.0,-0.8
-100081852,Non-species-specific reads in family Enterococcaceae,,1,-100081852,-200081852,81852,Bacteria,0,0,0,-100,0.0,0.0,0.0,0.0,0.0,-0.8,1.0,0.0,-0.8,95.9,49.0,15.8,0.0,-0.8
-200186803,Non-genus-specific reads in family Lachnospiraceae,,2,-100,-200186803,186803,Bacteria,0,0,0,-100,0.0,0.0,0.0,0.0,0.0,-0.6,2.0,0.0,-0.6,89.7,34.0,7.6,0.0,-0.6
-100186803,Non-species-specific reads in family Lachnospiraceae,,1,-100186803,-200186803,186803,Bacteria,0,0,0,-100,0.0,0.0,0.0,0.0,0.0,-1.0,1.0,0.0,-1.0,89.7,39.0,8.7,0.0,-1.0
1235800,Lachnospiraceae bacterium 10-1,"",1,1235800,-200186803,186803,Bacteria,0,0,0,-100,0.0,0.0,0.0,0.0,0.0,-0.4,1.0,0.0,-0.4,89.7,29.0,6.5,0.0,-0.4
-200186804,Non-genus-specific reads in family Peptostreptococcaceae,,2,-100,-200186804,186804,Bacteria,0,0,0,-100,0.0,0.0,0.0,0.0,0.0,-0.8,1.0,0.0,-0.8,86.8,38.0,9.0,0.0,-0.8
29349,[Clostridium] thermoalcaliphilum,"",1,29349,-200186804,186804,Bacteria,0,0,0,-100,0.0,0.0,0.0,0.0,0.0,-0.4,1.0,0.0,-0.4,86.8,38.0,9.0,0.0,-0.4
-200186817,Non-genus-specific reads in family Bacillaceae,,2,-100,-200186817,186817,Bacteria,0,0,0,-100,0.0,0.0,0.0,0.0,0.0,-0.9,2.0,0.0,-0.9,89.5,36.0,9.7,0.0,-0.9
-100186817,Non-species-specific reads in family Bacillaceae,,1,-100186817,-200186817,186817,Bacteria,0,0,0,-100,0.0,0.0,0.0,0.0,0.0,-0.9,2.0,0.0,-0.9,89.5,36.0,9.7,0.0,-0.9
-200204434,Non-genus-specific reads in family Acidobacteriaceae,,2,-100,-200204434,204434,Bacteria,0,1.0,0.0,0.4,98.1,108.0,59.1,0.0,0.0,0.4,0,0,-100,0.0,0.0,0.0,0.0,0.4
-100204434,Non-species-specific reads in family Acidobacteriaceae,,1,-100204434,-200204434,204434,Bacteria,0,1.0,0.0,0.7,98.1,108.0,59.1,0.0,0.0,0.7,0,0,-100,0.0,0.0,0.0,0.0,0.7
-200563843,Non-genus-specific reads in family Rhodothermaceae,,2,-100,-200563843,563843,Bacteria,0,2.0,0.0,-0.8,85.9,128.0,50.9,0.0,0.0,-0.8,0,0,-100,0.0,0.0,0.0,0.0,-0.8
1779382,Rhodothermaceae bacterium RA,"",1,1779382,-200563843,563843,Bacteria,0,2.0,0.0,-0.8,85.9,128.0,50.9,0.0,0.0,-0.8,0,0,-100,0.0,0.0,0.0,0.0,-0.8
397864,Barnesiella,"",2,-100,397864,2005519,Bacteria,0,0,0,-100,0.0,0.0,0.0,0.0,-0.006,-0.3,5.0,0.1,-0.3,85.8,45.0,10.3,0.0,-0.3
487174,Barnesiella intestinihominis,"",1,487174,397864,2005519,Bacteria,0,0,0,-100,0.0,0.0,0.0,0.0,-0.006,-0.2,5.0,0.1,-0.2,85.8,45.0,10.3,0.0,-0.2
662,Vibrio,"",2,-100,662,641,Bacteria,0,0,0,-100,0.0,0.0,0.0,0.0,-0.008000000000000002,-0.2,17.0,0.2,-0.2,83.6,24.2,8.6,0.0,-0.2
670,Vibrio parahaemolyticus,"",1,670,662,641,Bacteria,0,0,0,-100,0.0,0.0,0.0,0.0,-0.008000000000000002,-0.2,17.0,0.2,-0.2,83.6,24.2,8.6,0.0,-0.2
162289,Peptoniphilus,"",2,-100,162289,1570339,Bacteria,0,0,0,-100,0.0,0.0,0.0,0.0,-0.012,-0.6,11.0,0.1,-0.6,93.3,36.0,12.2,0.0,-0.6
33031,Peptoniphilus lacrimalis,"",1,33031,162289,1570339,Bacteria,0,0,0,-100,0.0,0.0,0.0,0.0,-0.012,-0.2,7.0,0.1,-0.2,90.0,34.0,11.6,0.0,-0.2
507750,Peptoniphilus duerdenii,"",1,507750,162289,1570339,Bacteria,0,0,0,-100,0.0,0.0,0.0,0.0,-0.012,-0.2,4.0,0.1,-0.2,99.0,39.5,13.4,0.0,-0.2
46580,Spirometra,"",2,-100,46580,28843,Eukaryota,0,4.0,0.1,-0.4,98.8,102.0,56.1,0.0,-0.016,-0.4,0,0,-100,0.0,0.0,0.0,0.0,-0.4
99802,Spirometra erinaceieuropaei,"",1,99802,46580,28843,Eukaryota,0,4.0,0.1,-0.4,98.8,102.0,56.1,0.0,-0.016,-0.4,0,0,-100,0.0,0.0,0.0,0.0,-0.4
29393,Dolosigranulum,"",2,-100,29393,186828,Bacteria,0,0,0,-100,0.0,0.0,0.0,0.0,-0.025,-0.5,4.0,0.1,-0.5,97.1,42.5,14.8,0.0,-0.5
29394,Dolosigranulum pigrum,"",1,29394,29393,186828,Bacteria,0,0,0,-100,0.0,0.0,0.0,0.0,-0.025,-0.5,4.0,0.1,-0.5,97.1,42.5,14.8,0.0,-0.5
53335,Pantoea,"",2,-100,53335,1903409,Bacteria,0,0,0,-100,0.0,0.0,0.0,0.0,-0.027,-0.9,6.0,0.1,-0.9,79.8,25.0,9.1,0.0,-0.9
553,Pantoea ananatis,"",1,553,53335,1903409,Bacteria,0,0,0,-100,0.0,0.0,0.0,0.0,-0.027,-0.3,6.0,0.1,-0.3,79.8,25.0,9.1,0.0,-0.3
570,Klebsiella,"",2,-100,570,543,Bacteria,0,0,0,-100,0.0,0.0,0.0,0.0,-0.04,-0.8,4.0,0.1,-0.8,85.3,40.8,8.4,0.0,-0.8
573,Klebsiella pneumoniae,"",1,573,570,543,Bacteria,0,0,0,-100,0.0,0.0,0.0,0.0,-0.04,-0.5,4.0,0.1,-0.5,85.3,40.8,8.4,0.0,-0.5
-200541000,Non-genus-specific reads in family Ruminococcaceae,,2,-100,-200541000,541000,Bacteria,0,0,0,-100,0.0,0.0,0.0,0.0,-0.042,-0.7,4.0,0.1,-0.7,63.0,46.0,7.5,0.0,-0.7
-100541000,Non-species-specific reads in family Ruminococcaceae,,1,-100541000,-200541000,541000,Bacteria,0,0,0,-100,0.0,0.0,0.0,0.0,-0.042,-0.6,4.0,0.1,-0.6,63.0,46.0,7.5,0.0,-0.6
572511,Blautia,"",2,-100,572511,186803,Bacteria,0,0,0,-100,0.0,0.0,0.0,0.0,-0.05,-1.0,10.0,0.1,-1.0,73.0,46.0,8.8,0.0,-1.0
33039,[Ruminococcus] torques,"",1,33039,572511,186803,Bacteria,0,0,0,-100,0.0,0.0,0.0,0.0,-0.05,-0.5,10.0,0.1,-0.5,73.0,46.0,8.8,0.0,-0.5
810,Chlamydia,"",2,-100,810,809,Bacteria,0,0,0,-100,0.0,0.0,0.0,0.0,-0.054,-0.9,11.0,0.1,-0.9,90.1,43.9,12.8,0.0,-0.9
813,Chlamydia trachomatis,"",1,813,810,809,Bacteria,0,0,0,-100,0.0,0.0,0.0,0.0,-0.054,-0.6,11.0,0.1,-0.6,90.1,43.9,12.8,0.0,-0.6
5094,Talaromyces,"",2,-100,5094,28568,Eukaryota,0,0,0,-100,0.0,0.0,0.0,0.0,-0.08100000000000002,-0.9,4.0,0.1,-0.9,81.7,49.0,15.0,0.0,-0.9
28573,Talaromyces islandicus,"",1,28573,5094,28568,Eukaryota,0,0,0,-100,0.0,0.0,0.0,0.0,-0.08100000000000002,-0.9,4.0,0.1,-0.9,81.7,49.0,15.0,0.0,-0.9
-200032033,Non-genus-specific reads in family Xanthomonadaceae,,2,-100,-200032033,32033,Bacteria,0,0,0,-100,0.0,0.0,0.0,0.0,-0.121,-1.1,7.0,0.1,-1.1,98.1,45.1,15.5,0.0,-1.1
-100032033,Non-species-specific reads in family Xanthomonadaceae,,1,-100032033,-200032033,32033,Bacteria,0,0,0,-100,0.0,0.0,0.0,0.0,-0.121,-1.1,7.0,0.1,-1.1,98.1,45.1,15.5,0.0,-1.1
379065,Caldalkalibacillus,"",2,-100,379065,186817,Bacteria,0,0,0,-100,0.0,0.0,0.0,0.0,-0.24499999999999994,-0.7,40.0,0.5,-0.7,84.7,46.7,14.3,0.0,-0.7
296745,Caldalkalibacillus thermarum,"",1,296745,379065,186817,Bacteria,0,0,0,-100,0.0,0.0,0.0,0.0,-0.24499999999999994,-0.7,40.0,0.5,-0.7,84.7,46.7,14.3,0.0,-0.7
-200000543,Non-genus-specific reads in family Enterobacteriaceae,,2,-100,-200000543,543,Bacteria,0,6.0,0.1,-1.1,100.0,149.0,89.9,0.0,-0.459,-1.1,14.0,0.2,-1.3,99.8,46.7,16.9,0.0,-1.1
-100000543,Non-species-specific reads in family Enterobacteriaceae,,1,-100000543,-200000543,543,Bacteria,0,6.0,0.1,-1.1,100.0,149.0,89.9,0.0,-0.459,-1.1,14.0,0.2,-1.3,99.8,46.7,16.9,0.0,-1.1
